"source","object_id","title","property_type","city","district","address","rooms","area_m2","floor","floors_total","land_sot","price_raw","file"
"data","object_01","Продается cтильнaя 2-комнатная квартиpа в ЖK ""Нoвый Aксай"" 
Плoщадь: 55,1 м² + 6 м² лоджия
Объездная улица, 7к5, Аксай, Ростовская область","","","","","","","","","","Цена договорная","objects\object_01\data.json"
"data","object_02","Квартира · Ростовская область","","","","","","","","","","Цена договорная","objects\object_02\data.json"
"data","object_03","Квартира · Ростовская область · 44 м²","","","","","","","","","","Цена договорная","objects\object_03\data.json"
"data","object_04","Квартира · Ростовская область","","","","","","","","","","Цена договорная","objects\object_04\data.json"
"data","object_05","Квартира · Ростовская область · 40 м²","","","","","","","","","","Цена договорная","objects\object_05\data.json"
"data","object_06","Квартира · Ростовская область · 39 м²","","","","","","","","","","Цена договорная","objects\object_06\data.json"
"data","object_07","Квартира · Ростовская область · 60 м²","","","","","","","","","","Цена договорная","objects\object_07\data.json"
"data","object_09","2-комнатная квартира · Ростовская область · 35 м²","","","","","","","","","","Цена договорная","objects\object_09\data.json"
"data","object_10","Квартира · Ростовская область","","","","","","","","","","Цена договорная","objects\object_10\data.json"
"data","object_100","Квартира · Ростовская область","","","","","","","","","","Цена договорная","objects\object_100\data.json"
"data","object_101","Квартира · Ростовская область","","","","","","","","","","Цена договорная","objects\object_101\data.json"
"data","object_102","1-к. квартира, 35 м².
Общая площадь: 35 м² Площадь кухни: 12.4 м² Жилая площадь: 12.6 м² Ростовская обл., Ростов-на-Дону, Берберовская ул.,
р-н Первомайский","","","","","","","","","","Цена договорная","objects\object_102\data.json"
"data","object_103","Квартира · Ростовская область","","","","","","","","","","Цена договорная","objects\object_103\data.json"
"data","object_104","Квартира · Ростовская область","","","","","","","","","","Цена договорная","objects\object_104\data.json"
"data","object_105","Квартира · Ростовская область","","","","","","","","","","Цена договорная","objects\object_105\data.json"
"data","object_106","Квартира · Ростовская область","","","","","","","","","","Цена договорная","objects\object_106\data.json"
"data","object_107","1-комнатная квартира · Ростовская область","","","","","","","","","","Цена договорная","objects\object_107\data.json"
"data","object_108","Квартира · Ростовская область","","","","","","","","","","Цена договорная","objects\object_108\data.json"
"data","object_109","1-комнатная квартира · Ростовская область","","","","","","","","","","Цена договорная","objects\object_109\data.json"
"data","object_11","Квартира · Ростовская область · 75 м²","","","","","","","","","","Цена договорная","objects\object_11\data.json"
"data","object_110","Квартира · Ростовская область","","","","","","","","","","Цена договорная","objects\object_110\data.json"
"data","object_111","1-комнатная квартира · Ростовская область · 33 м²","","","","","","","","","","Цена договорная","objects\object_111\data.json"
"data","object_112","Квартира · Ростовская область · 10 м²","","","","","","","","","","Цена договорная","objects\object_112\data.json"
"data","object_12","3-комнатная квартира · Ростовская область · 85 м²","","","","","","","","","","Цена договорная","objects\object_12\data.json"
"data","object_13","3-комнатная квартира · Ростовская область · 64 м²","","","","","","","","","","Цена договорная","objects\object_13\data.json"
"data","object_14","2-комнатная квартира · Ростовская область · 80 м²","","","","","","","","","","Цена договорная","objects\object_14\data.json"
"data","object_16","2-комнатная квартира · Ростовская область · 76 м²","","","","","","","","","","Цена договорная","objects\object_16\data.json"
"data","object_17","1-комнатная квартира · Ростовская область","","","","","","","","","","Цена договорная","objects\object_17\data.json"
"data","object_19","3-комнатная квартира · Ростовская область","","","","","","","","","","Цена договорная","objects\object_19\data.json"
"data","object_20","Квартира · Ростовская область","","","","","","","","","","Цена договорная","objects\object_20\data.json"
"data","object_22","Студия · Ростовская область · 33 м²","","","","","","","","","","Цена договорная","objects\object_22\data.json"
"data","object_25","Квартира · Ростовская область","","","","","","","","","","Цена договорная","objects\object_25\data.json"
"data","object_26","Квартира · Ростовская область · 105 м²","","","","","","","","","","Цена договорная","objects\object_26\data.json"
"data","object_27","2-комнатная квартира · Ростовская область · 72 м²","","","","","","","","","","Цена договорная","objects\object_27\data.json"
"data","object_28","Квартира · Ростовская область · 90 м²","","","","","","","","","","Цена договорная","objects\object_28\data.json"
"data","object_29","Квартира · Ростовская область","","","","","","","","","","Цена договорная","objects\object_29\data.json"
"data","object_30","Квартира · Ростовская область","","","","","","","","","","Цена договорная","objects\object_30\data.json"
"data","object_31","2-комнатная квартира · Ростовская область · 54 м²","","","","","","","","","","Цена договорная","objects\object_31\data.json"
"data","object_32","Квартира · Ростовская область","","","","","","","","","","Цена договорная","objects\object_32\data.json"
"data","object_33","2-комнатная квартира · Ростовская область · 40 м²","","","","","","","","","","Цена договорная","objects\object_33\data.json"
"data","object_34","2-комнатная квартира · Ростовская область · 52 м²","","","","","","","","","","Цена договорная","objects\object_34\data.json"
"data","object_35","1-комнатная квартира · Ростовская область · 40 м²","","","","","","","","","","Цена договорная","objects\object_35\data.json"
"data","object_36","2-комнатная квартира · Ростовская область","","","","","","","","","","Цена договорная","objects\object_36\data.json"
"data","object_37","2-комнатная квартира · Ростовская область · 51 м²","","","","","","","","","","Цена договорная","objects\object_37\data.json"
"data","object_38","2-комнатная квартира · Ростовская область · 35 м²","","","","","","","","","","Цена договорная","objects\object_38\data.json"
"data","object_40","Продается 2 комн.кв 76 м² 
Ростовская обл.,г. Ростов-на-Дону,Пролетарский р-н,пр-кт 40-летия Победы,","","","","","","","","","","Цена договорная","objects\object_40\data.json"
"data","object_41","1-комнатная квартира · Ростовская область","","","","","","","","","","Цена договорная","objects\object_41\data.json"
"data","object_42","1-комнатная квартира · Ростовская область · 13 м²","","","","","","","","","","Цена договорная","objects\object_42\data.json"
"data","object_43","1-комнатная квартира · Ростовская область · 18 м²","","","","","","","","","","Цена договорная","objects\object_43\data.json"
"data","object_44","2-комнатная квартира · Ростовская область · 67 м²","","","","","","","","","","Цена договорная","objects\object_44\data.json"
"data","object_45","Студия · Ростовская область · 15 м²","","","","","","","","","","Цена договорная","objects\object_45\data.json"
"data","object_46","2-комнатная квартира · Ростовская область · 14 м²","","","","","","","","","","Цена договорная","objects\object_46\data.json"
"data","object_47","1-комнатная квартира · Ростовская область · 40 м²","","","","","","","","","","Цена договорная","objects\object_47\data.json"
"data","object_48","2-комнатная квартира · Ростовская область · 70 м²","","","","","","","","","","Цена договорная","objects\object_48\data.json"
"data","object_49","1-комнатная квартира · Ростовская область","","","","","","","","","","Цена договорная","objects\object_49\data.json"
"data","object_50","Студия · Ростовская область","","","","","","","","","","Цена договорная","objects\object_50\data.json"
"data","object_51","Студия · Ростовская область","","","","","","","","","","Цена договорная","objects\object_51\data.json"
"data","object_52","2-комнатная квартира · Ростовская область · 40 м²","","","","","","","","","","Цена договорная","objects\object_52\data.json"
"data","object_53","2-комнатная квартира · Ростовская область · 62 м²","","","","","","","","","","Цена договорная","objects\object_53\data.json"
"data","object_54","2-комнатная квартира · Ростовская область · 14 м²","","","","","","","","","","Цена договорная","objects\object_54\data.json"
"data","object_55","2-комнатная квартира · Ростовская область · 76 м²","","","","","","","","","","Цена договорная","objects\object_55\data.json"
"data","object_56","Квартира · Ростовская область · 42 м²","","","","","","","","","","Цена договорная","objects\object_56\data.json"
"data","object_57","Студия · Ростовская область","","","","","","","","","","Цена договорная","objects\object_57\data.json"
"data","object_58","2-комнатная квартира · Ростовская область · 46 м²","","","","","","","","","","Цена договорная","objects\object_58\data.json"
"data","object_59","1-комнатная квартира · Ростовская область · 13 м²","","","","","","","","","","Цена договорная","objects\object_59\data.json"
"data","object_61","1-комнатная квартира · Ростовская область","","","","","","","","","","Цена договорная","objects\object_61\data.json"
"data","object_62","Квартира · Ростовская область · 13 м²","","","","","","","","","","Цена договорная","objects\object_62\data.json"
"data","object_63","1-комнатная квартира · Ростовская область","","","","","","","","","","Цена договорная","objects\object_63\data.json"
"data","object_65","Квартира · Ростовская область","","","","","","","","","","Цена договорная","objects\object_65\data.json"
"data","object_66","1-комнатная квартира · Ростовская область · 42 м²","","","","","","","","","","Цена договорная","objects\object_66\data.json"
"data","object_67","3-комнатная квартира · Ростовская область · 14 м²","","","","","","","","","","Цена договорная","objects\object_67\data.json"
"data","object_68","2-комнатная квартира · Ростовская область · 56 м²","","","","","","","","","","Цена договорная","objects\object_68\data.json"
"data","object_69","Квартира · Ростовская область · 62 м²","","","","","","","","","","Цена договорная","objects\object_69\data.json"
"data","object_70","3-комнатная квартира · Ростовская область · 105 м²","","","","","","","","","","Цена договорная","objects\object_70\data.json"
"data","object_71","3-комнатная квартира · Ростовская область · 70 м²","","","","","","","","","","Цена договорная","objects\object_71\data.json"
"data","object_73","1-комнатная квартира · Ростовская область · 32 м²","","","","","","","","","","Цена договорная","objects\object_73\data.json"
"data","object_76","Квартира · Ростовская область · 18 м²","","","","","","","","","","Цена договорная","objects\object_76\data.json"
"data","object_77","3-комнатная квартира · Ростовская область","","","","","","","","","","Цена договорная","objects\object_77\data.json"
"data","object_78","Квартира · Ростовская область · 63 м²","","","","","","","","","","Цена договорная","objects\object_78\data.json"
"data","object_79","1-комнатная квартира · Ростовская область","","","","","","","","","","Цена договорная","objects\object_79\data.json"
"data","object_80","1-комнатная квартира · Ростовская область","","","","","","","","","","Цена договорная","objects\object_80\data.json"
"data","object_81","Квартира · Ростовская область · 72 м²","","","","","","","","","","Цена договорная","objects\object_81\data.json"
"data","object_82","Квартира · Ростовская область","","","","","","","","","","Цена договорная","objects\object_82\data.json"
"data","object_83","Квартира · Ростовская область · 58 м²","","","","","","","","","","Цена договорная","objects\object_83\data.json"
"data","object_84","Квартира · Ростовская область · 50 м²","","","","","","","","","","Цена договорная","objects\object_84\data.json"
"data","object_85","1-комнатная квартира · Ростовская область","","","","","","","","","","Цена договорная","objects\object_85\data.json"
"data","object_86","1-комнатная квартира · Ростовская область · 26 м²","","","","","","","","","","Цена договорная","objects\object_86\data.json"
"data","object_87","Квартира · Ростовская область · 110 м²","","","","","","","","","","Цена договорная","objects\object_87\data.json"
"data","object_88","Квартира · Ростовская область · 58 м²","","","","","","","","","","Цена договорная","objects\object_88\data.json"
"data","object_89","Квартира · Ростовская область · 48 м²","","","","","","","","","","Цена договорная","objects\object_89\data.json"
"data","object_90","Квартира · Ростовская область · 53 м²","","","","","","","","","","Цена договорная","objects\object_90\data.json"
"data","object_901","Квартира, 44 м²","","","","","","","","","","Цена договорная","objects\object_901\data.json"
"data","object_905","Квартира","","","","","","","","","","Цена договорная","objects\object_905\data.json"
"data","object_906","2-комнатная квартира","","","","","","","","","","Цена договорная","objects\object_906\data.json"
"data","object_907","1-комнатная квартира, 36 м²","","","","","","","","","","Цена договорная","objects\object_907\data.json"
"data","object_908","Евродвушка 41,6 м²","","","","","","","","","","Цена договорная","objects\object_908\data.json"
"data","object_909","Евро 2-комнатная квартира, 47 м²","","","","","","","","","","Цена договорная","objects\object_909\data.json"
"data","object_91","Квартира · Ростовская область · 10 м²","","","","","","","","","","Цена договорная","objects\object_91\data.json"
"data","object_910","1-комнатная квартира, 36 м²","","","","","","","","","","Цена договорная","objects\object_910\data.json"
"data","object_92","Квартира · Ростовская область · 19 м²","","","","","","","","","","Цена договорная","objects\object_92\data.json"
"data","object_93","1-комнатная квартира · Ростовская область","","","","","","","","","","Цена договорная","objects\object_93\data.json"
"data","object_94","1-комнатная квартира · Ростовская область","","","","","","","","","","Цена договорная","objects\object_94\data.json"
"data","object_95","Квартира · Ростовская область · 15 м²","","","","","","","","","","Цена договорная","objects\object_95\data.json"
"data","object_96","Квартира · Ростовская область","","","","","","","","","","Цена договорная","objects\object_96\data.json"
"data","object_97","Квартира · Ростовская область","","","","","","","","","","Цена договорная","objects\object_97\data.json"
"data","object_98","1-комнатная квартира · Ростовская область","","","","","","","","","","Цена договорная","objects\object_98\data.json"
"data","object_99","Квартира · Ростовская область","","","","","","","","","","Цена договорная","objects\object_99\data.json"
"feed","object_910","1-комнатная квартира, 36 м²","apartment","","","","1","","5","6","","Цена договорная","output\apartments\new-objects.json[#0]"
"feed","object_909","Евро 2-комнатная квартира, 47 м²","apartment","","","","","","","","","Цена договорная","output\apartments\new-objects.json[#1]"
"feed","object_908","Евродвушка 41,6 м²","apartment","","","","","41.6 м²","","","","Цена договорная","output\apartments\new-objects.json[#2]"
"feed","object_907","1-комнатная квартира, 36 м²","apartment","","","","1","","15","21","","Цена договорная","output\apartments\new-objects.json[#3]"
"feed","object_906","2-комнатная квартира","apartment","","","","","","","","","Цена договорная","output\apartments\new-objects.json[#4]"
"feed","object_905","Квартира","apartment","","","","","","","","","Цена договорная","output\apartments\new-objects.json[#5]"
"feed","object_901","Квартира, 44 м²","apartment","","","","","44 м²","3","5","","Цена договорная","output\apartments\new-objects.json[#9]"
"feed","object_910","1-комнатная квартира, 36 м²","apartment","","","","1","","5","6","","Цена договорная","output\home\new-objects.json[#0]"
"feed","object_909","Евро 2-комнатная квартира, 47 м²","apartment","","","","","","","","","Цена договорная","output\home\new-objects.json[#1]"
"feed","house_910","Новый дом в продаже","house","","","","","","","","","Цена договорная","output\home\new-objects.json[#2]"
"feed","house_911","Дом 297 кв. м в Аксае, участок 20 соток — премиум‑класс с бассейном и выходом на две улицы! Рос","house","","","","","","","","","Цена договорная","output\home\new-objects.json[#7]"
"data","house_02","Коттедж · 20 м²","house","","","","","","","","","Цена договорная","output\houses\house_02\data.json"
"data","house_04","Дом","house","","","","","","","","","Цена договорная","output\houses\house_04\data.json"
"data","house_05","Дом","house","","","","","","","","","Цена договорная","output\houses\house_05\data.json"
"data","house_06","Коттедж","house","","","","","","","","","Цена договорная","output\houses\house_06\data.json"
"data","house_07","Коттедж","house","","","","","","","","","Цена договорная","output\houses\house_07\data.json"
"data","house_08","Дом · 78 м² · участок 5 сот.","house","","","","","","","","","Цена договорная","output\houses\house_08\data.json"
"data","house_10","Дом","house","","","","","","","","","Цена договорная","output\houses\house_10\data.json"
"data","house_11","Дом · участок 5 сот.","house","","","","","","","","","Цена договорная","output\houses\house_11\data.json"
"data","house_12","Дом","house","","","","","","","","","Цена договорная","output\houses\house_12\data.json"
"data","house_13","Дом","house","","","","","","","","","Цена договорная","output\houses\house_13\data.json"
"data","house_14","🔥СРОЧНАЯ ПРОДАЖА! НЕ УПУСТИТЕ ВЫГОДНЫЙ ВАРИАНТ! 🔥
Дом 100 м² на участке 5 сот.","house","","","","","","","","","Цена договорная","output\houses\house_14\data.json"
"data","house_15","Дом · 80 м²","house","","","","","","","","","Цена договорная","output\houses\house_15\data.json"
"data","house_18","Дом · 130 м² · участок 6 сот.","house","","","","","","","","","Цена договорная","output\houses\house_18\data.json"
"data","house_19","Дом","house","","","","","","","","","Цена договорная","output\houses\house_19\data.json"
"data","house_21","Дом · 100 м²","house","","","","","","","","","Цена договорная","output\houses\house_21\data.json"
"data","house_22","Дом","house","","","","","","","","","Цена договорная","output\houses\house_22\data.json"
"data","house_23","Дом","house","","","","","","","","","Цена договорная","output\houses\house_23\data.json"
"data","house_24","Дом","house","","","","","","","","","Цена договорная","output\houses\house_24\data.json"
"data","house_25","Дом","house","","","","","","","","","Цена договорная","output\houses\house_25\data.json"
"data","house_26","Дом · участок 6,5 сот.","house","","","","","","","","","Цена договорная","output\houses\house_26\data.json"
"data","house_27","Дом · участок 2 сот.","house","","","","","","","","","Цена договорная","output\houses\house_27\data.json"
"data","house_28","Дом · 115 м² · участок 6 сот.","house","","","","","","","","","Цена договорная","output\houses\house_28\data.json"
"data","house_29","В продаже ШИКАРНЫЙ ДОМ С ОГРОМНОЙ ТЕРРИТОРИЕЙ!!!!!","house","","","","","","","","","Цена договорная","output\houses\house_29\data.json"
"data","house_30","Коттедж","house","","","","","","","","","Цена договорная","output\houses\house_30\data.json"
"data","house_31","Дом","house","","","","","","","","","Цена договорная","output\houses\house_31\data.json"
"data","house_32","Дом","house","","","","","","","","","Цена договорная","output\houses\house_32\data.json"
"data","house_33","Дом","house","","","","","","","","","Цена договорная","output\houses\house_33\data.json"
"data","house_34","Дом","house","","","","","","","","","Цена договорная","output\houses\house_34\data.json"
"data","house_35","Дом · участок 6 сот.","house","","","","","","","","","Цена договорная","output\houses\house_35\data.json"
"data","house_36","Дом","house","","","","","","","","","Цена договорная","output\houses\house_36\data.json"
"data","house_37","Коттедж · 500 м² · участок 10 сот.","house","","","","","","","","","Цена договорная","output\houses\house_37\data.json"
"data","house_38","Дом","house","","","","","","","","","Цена договорная","output\houses\house_38\data.json"
"data","house_39","Дом","house","","","","","","","","","Цена договорная","output\houses\house_39\data.json"
"data","house_40","Дом · участок 9 сот.","house","","","","","","","","","Цена договорная","output\houses\house_40\data.json"
"data","house_41","Дом · 120 м²","house","","","","","","","","","Цена договорная","output\houses\house_41\data.json"
"data","house_42","Продается дом 115 м² 6 соток 
Прoдaeтcя шикapный oдноэтажный и полностью кирпичный дом в х. Большой Лог 
Дом от надежного и проверенного застройщика","house","","","","","","","","","Цена договорная","output\houses\house_42\data.json"
"data","house_43","Дом","house","","","","","","","","","Цена договорная","output\houses\house_43\data.json"
"data","house_44","Дом","house","","","","","","","","","Цена договорная","output\houses\house_44\data.json"
"data","house_45","Дом","house","","","","","","","","","Цена договорная","output\houses\house_45\data.json"
"data","house_46","Дом · 100 м² · участок 5 сот.","house","","","","","","","","","Цена договорная","output\houses\house_46\data.json"
"data","house_47","Дом","house","","","","","","","","","Цена договорная","output\houses\house_47\data.json"
"data","house_48","Дом","house","","","","","","","","","Цена договорная","output\houses\house_48\data.json"
"data","house_49","Дом","house","","","","","","","","","Цена договорная","output\houses\house_49\data.json"
"data","house_50","Дом","house","","","","","","","","","Цена договорная","output\houses\house_50\data.json"
"data","house_51","Дом","house","","","","","","","","","Цена договорная","output\houses\house_51\data.json"
"data","house_52","Дом","house","","","","","","","","","Цена договорная","output\houses\house_52\data.json"
"data","house_53","Дом","house","","","","","","","","","Цена договорная","output\houses\house_53\data.json"
"data","house_54","Дом","house","","","","","","","","","Цена договорная","output\houses\house_54\data.json"
"data","house_55","Дом","house","","","","","","","","","Цена договорная","output\houses\house_55\data.json"
"data","house_56","Дом","house","","","","","","","","","Цена договорная","output\houses\house_56\data.json"
"data","house_57","Дом","house","","","","","","","","","Цена договорная","output\houses\house_57\data.json"
"data","house_58","Дом · 160 м² · участок 6 сот.","house","","","","","","","","","Цена договорная","output\houses\house_58\data.json"
"data","house_59","Дом","house","","","","","","","","","Цена договорная","output\houses\house_59\data.json"
"data","house_60","Дом","house","","","","","","","","","Цена договорная","output\houses\house_60\data.json"
"data","house_61","Дом","house","","","","","","","","","Цена договорная","output\houses\house_61\data.json"
"data","house_62","Дом","house","","","","","","","","","Цена договорная","output\houses\house_62\data.json"
"data","house_63","Дом","house","","","","","","","","","Цена договорная","output\houses\house_63\data.json"
"data","house_64","Дом","house","","","","","","","","","Цена договорная","output\houses\house_64\data.json"
"data","house_65","Дом · участок 6 сот.","house","","","","","","","","","Цена договорная","output\houses\house_65\data.json"
"data","house_66","Дом","house","","","","","","","","","Цена договорная","output\houses\house_66\data.json"
"data","house_67","Дом","house","","","","","","","","","Цена договорная","output\houses\house_67\data.json"
"data","house_68","Дом","house","","","","","","","","","Цена договорная","output\houses\house_68\data.json"
"data","house_69","Дом","house","","","","","","","","","Цена договорная","output\houses\house_69\data.json"
"data","house_70","Дом","house","","","","","","","","","Цена договорная","output\houses\house_70\data.json"
"data","house_71","Дом","house","","","","","","","","","Цена договорная","output\houses\house_71\data.json"
"data","house_72","Дом","house","","","","","","","","","Цена договорная","output\houses\house_72\data.json"
"data","house_73","Дом","house","","","","","","","","","Цена договорная","output\houses\house_73\data.json"
"data","house_901","Новый дом 901","house","","","","","","","","","Цена договорная","output\houses\house_901\data.json"
"data","house_902","Новый дом 902","house","","","","","","","","","Цена договорная","output\houses\house_902\data.json"
"data","house_903","Новый дом 903","house","","","","","","","","","Цена договорная","output\houses\house_903\data.json"
"data","house_904","Новый дом 904","house","","","","","","","","","Цена договорная","output\houses\house_904\data.json"
"data","house_905","Новый дом 905","house","","","","","","","","","Цена договорная","output\houses\house_905\data.json"
"data","house_906","Новый дом 906","house","","","","","","","","","Цена договорная","output\houses\house_906\data.json"
"data","house_907","Новый дом 907","house","","","","","","","","","Цена договорная","output\houses\house_907\data.json"
"data","house_908","Новый дом 908","house","","","","","","","","","Цена договорная","output\houses\house_908\data.json"
"data","house_909","Новый дом 909","house","","","","","","","","","Цена договорная","output\houses\house_909\data.json"
"data","house_910","Новый дом 910","house","","","","","","","","","Цена договорная","output\houses\house_910\data.json"
"feed","house_910","Новый дом в продаже","house","","","","","","","","","Цена договорная","output\houses\new-objects.json[#0]"
"feed","house_911","Дом 297 кв. м в Аксае, участок 20 соток — премиум‑класс с бассейном и выходом на две улицы! Рос","house","","","","","","","","","Цена договорная","output\houses\new-objects.json[#1]"
"feed","house_912","Дом 67 кв. м в Ростов-на-Дону, участок 3 сотки — кирпичный, коммуникации центральные. Зезжайте","house","","","","","","","","","Цена договорная","output\houses\new-objects.json[#2]"
"feed","newbuild_910","Новая новостройка 910","newbuild","","","","","","","","","Цена договорная","output\newbuilds\new-objects.json[#0]"
"feed","newbuild_909","Новая новостройка 909","newbuild","","","","","","","","","Цена договорная","output\newbuilds\new-objects.json[#1]"
"feed","newbuild_908","Новая новостройка 908","newbuild","","","","","","","","","Цена договорная","output\newbuilds\new-objects.json[#2]"
"feed","newbuild_907","Новая новостройка 907","newbuild","","","","","","","","","Цена договорная","output\newbuilds\new-objects.json[#3]"
"feed","newbuild_906","Новая новостройка 906","newbuild","","","","","","","","","Цена договорная","output\newbuilds\new-objects.json[#4]"
"feed","newbuild_905","Новая новостройка 905","newbuild","","","","","","","","","Цена договорная","output\newbuilds\new-objects.json[#5]"
"feed","newbuild_904","Новая новостройка 904","newbuild","","","","","","","","","Цена договорная","output\newbuilds\new-objects.json[#6]"
"feed","newbuild_903","Новая новостройка 903","newbuild","","","","","","","","","Цена договорная","output\newbuilds\new-objects.json[#7]"
"feed","newbuild_902","Новая новостройка 902","newbuild","","","","","","","","","Цена договорная","output\newbuilds\new-objects.json[#8]"
"feed","newbuild_901","Новая новостройка 901","newbuild","","","","","","","","","Цена договорная","output\newbuilds\new-objects.json[#9]"
