id;type;title;price;city_suggested;city_evidence;issue;URL на сайте
"house_01";"house";"Дом · участок 5 сот.";"4100000";"ул. Набережная";"ул. Набережная";"city_missing";"https://domian-161.ru/obekt/house_01.html"
"house_02";"house";"Коттедж · 20 м²";"3050000";"";"";"city_missing";"https://domian-161.ru/obekt/house_02.html"
"house_04";"house";"Дом";"7000000";"";"";"city_missing";"https://domian-161.ru/obekt/house_04.html"
"house_05";"house";"Дом";"6550000";"";"";"city_missing";"https://domian-161.ru/obekt/house_05.html"
"house_06";"house";"Коттедж";"7000000";"";"";"city_missing";"https://domian-161.ru/obekt/house_06.html"
"house_07";"house";"Коттедж";"7000000";"";"";"city_missing";"https://domian-161.ru/obekt/house_07.html"
"house_08";"house";"Дом · 78 м² · участок 5 сот.";"4100000";"Российский";"п. Российский";"city_missing";"https://domian-161.ru/obekt/house_08.html"
"house_09";"house";"Дом · участок 6 сот.";"10500000";"";"";"city_missing";"https://domian-161.ru/obekt/house_09.html"
"house_10";"house";"Дом";"4100000";"";"";"city_missing";"https://domian-161.ru/obekt/house_10.html"
"house_11";"house";"Дом · участок 5 сот.";"4100000";"";"";"city_missing";"https://domian-161.ru/obekt/house_11.html"
"house_12";"house";"Дом";"4100000";"";"";"city_missing";"https://domian-161.ru/obekt/house_12.html"
"house_13";"house";"Дом";"4900000";"";"";"city_missing";"https://domian-161.ru/obekt/house_13.html"
"house_15";"house";"Дом · 80 м²";"9000000";"";"";"city_missing";"https://domian-161.ru/obekt/house_15.html"
"house_16";"house";"Дом · 75 м² · участок 15 сот.";"11000000";"Багаевская";"станице Багаевская";"city_missing";"https://domian-161.ru/obekt/house_16.html"
"house_18";"house";"Дом · 130 м² · участок 6 сот.";"4900000";"Россий";"п. Россий";"city_missing";"https://domian-161.ru/obekt/house_18.html"
"house_19";"house";"Дом";"7000000";"";"";"city_missing";"https://domian-161.ru/obekt/house_19.html"
"house_20";"house";"Дом";"16000000";"";"";"city_missing";"https://domian-161.ru/obekt/house_20.html"
"house_21";"house";"Дом · 100 м²";"3300000";"";"";"city_missing";"https://domian-161.ru/obekt/house_21.html"
"house_22";"house";"Дом";"7000000";"";"";"city_missing";"https://domian-161.ru/obekt/house_22.html"
"house_23";"house";"Дом";"4100000";"";"";"city_missing";"https://domian-161.ru/obekt/house_23.html"
"house_24";"house";"Дом";"7000000";"";"";"city_missing";"https://domian-161.ru/obekt/house_24.html"
"house_25";"house";"Дом";"7000000";"";"";"city_missing";"https://domian-161.ru/obekt/house_25.html"
"house_27";"house";"Дом · участок 2 сот.";"1650000";"";"";"city_missing";"https://domian-161.ru/obekt/house_27.html"
"house_29";"house";"В продаже ШИКАРНЫЙ ДОМ С ОГРОМНОЙ ТЕРРИТОРИЕЙ!!!!!";"9000000";"";"";"city_missing";"https://domian-161.ru/obekt/house_29.html"
"house_30";"house";"Коттедж";"4100000";"";"";"city_missing";"https://domian-161.ru/obekt/house_30.html"
"house_31";"house";"Дом";"4100000";"";"";"city_missing";"https://domian-161.ru/obekt/house_31.html"
"house_33";"house";"Дом";"7000000";"";"";"city_missing";"https://domian-161.ru/obekt/house_33.html"
"house_34";"house";"Дом";"9000000";"";"";"city_missing";"https://domian-161.ru/obekt/house_34.html"
"house_35";"house";"Дом · участок 6 сот.";"4900000";"";"";"city_missing";"https://domian-161.ru/obekt/house_35.html"
"house_36";"house";"Дом";"4900000";"";"";"city_missing";"https://domian-161.ru/obekt/house_36.html"
"house_37";"house";"Коттедж · 500 м² · участок 10 сот.";"8200000";"";"";"city_missing";"https://domian-161.ru/obekt/house_37.html"
"house_38";"house";"Дом";"9000000";"";"";"city_missing";"https://domian-161.ru/obekt/house_38.html"
"house_39";"house";"Дом";"6300000";"";"";"city_missing";"https://domian-161.ru/obekt/house_39.html"
"house_40";"house";"Дом · участок 9 сот.";"7400000";"";"";"city_missing";"https://domian-161.ru/obekt/house_40.html"
"house_41";"house";"Дом · 120 м²";"4900000";"";"";"city_missing";"https://domian-161.ru/obekt/house_41.html"
"house_42";"house";"Продается дом 115 м² 6 соток 
Прoдaeтcя шикapный oдноэтажный и полностью кирпичный дом в х. Большой Лог 
Дом от надежного и проверенного застройщика";"4900000";"Большой Лог";"х. Большой Лог";"city_missing";"https://domian-161.ru/obekt/house_42.html"
"house_43";"house";"Дом";"7000000";"";"";"city_missing";"https://domian-161.ru/obekt/house_43.html"
"house_44";"house";"Дом";"7000000";"";"";"city_missing";"https://domian-161.ru/obekt/house_44.html"
"house_45";"house";"Дом";"3700000";"Октябрьский";"п. Октябрьский";"city_missing";"https://domian-161.ru/obekt/house_45.html"
"house_46";"house";"Дом · 100 м² · участок 5 сот.";"4100000";"";"";"city_missing";"https://domian-161.ru/obekt/house_46.html"
"house_47";"house";"Дом";"5350000";"";"";"city_missing";"https://domian-161.ru/obekt/house_47.html"
"house_48";"house";"Дом";"5350000";"";"";"city_missing";"https://domian-161.ru/obekt/house_48.html"
"house_49";"house";"Дом";"4100000";"";"";"city_missing";"https://domian-161.ru/obekt/house_49.html"
"house_50";"house";"Дом";"4900000";"";"";"city_missing";"https://domian-161.ru/obekt/house_50.html"
"house_51";"house";"Дом";"7400000";"";"";"city_missing";"https://domian-161.ru/obekt/house_51.html"
"house_52";"house";"Дом";"4900000";"";"";"city_missing";"https://domian-161.ru/obekt/house_52.html"
"house_53";"house";"Дом";"4900000";"";"";"city_missing";"https://domian-161.ru/obekt/house_53.html"
"house_54";"house";"Дом";"4100000";"";"";"city_missing";"https://domian-161.ru/obekt/house_54.html"
"house_55";"house";"Дом";"7000000";"";"";"city_missing";"https://domian-161.ru/obekt/house_55.html"
"house_56";"house";"Дом";"4100000";"";"";"city_missing";"https://domian-161.ru/obekt/house_56.html"
"house_57";"house";"Дом";"4100000";"";"";"city_missing";"https://domian-161.ru/obekt/house_57.html"
"house_58";"house";"Дом · 160 м² · участок 6 сот.";"4900000";"";"";"city_missing";"https://domian-161.ru/obekt/house_58.html"
"house_59";"house";"Дом";"4100000";"";"";"city_missing";"https://domian-161.ru/obekt/house_59.html"
"house_60";"house";"Дом";"2450000";"Октябрьский";"п. Октябрьский";"city_missing";"https://domian-161.ru/obekt/house_60.html"
"house_61";"house";"Дом";"4100000";"";"";"city_missing";"https://domian-161.ru/obekt/house_61.html"
"house_62";"house";"Дом";"4100000";"Октябрьский";"п. Октябрьский";"city_missing";"https://domian-161.ru/obekt/house_62.html"
"house_63";"house";"Дом";"7000000";"";"";"city_missing";"https://domian-161.ru/obekt/house_63.html"
"house_64";"house";"Дом";"9000000";"";"";"city_missing";"https://domian-161.ru/obekt/house_64.html"
"house_65";"house";"Дом · участок 6 сот.";"4900000";"Российский";"пос. Российский";"city_missing";"https://domian-161.ru/obekt/house_65.html"
"house_66";"house";"Дом";"3850000";"";"";"city_missing";"https://domian-161.ru/obekt/house_66.html"
"house_67";"house";"Дом";"9000000";"";"";"city_missing";"https://domian-161.ru/obekt/house_67.html"
"house_68";"house";"Дом";"4100000";"";"";"city_missing";"https://domian-161.ru/obekt/house_68.html"
"house_69";"house";"Дом";"4100000";"";"";"city_missing";"https://domian-161.ru/obekt/house_69.html"
"house_70";"house";"Дом";"4100000";"";"";"city_missing";"https://domian-161.ru/obekt/house_70.html"
"house_71";"house";"Дом";"4900000";"";"";"city_missing";"https://domian-161.ru/obekt/house_71.html"
"house_72";"house";"Дом";"4900000";"";"";"city_missing";"https://domian-161.ru/obekt/house_72.html"
"house_73";"house";"Дом";"5350000";"";"";"city_missing";"https://domian-161.ru/obekt/house_73.html"
"house_901";"house";"Новый дом 901";"";"";"";"city_missing";"https://domian-161.ru/obekt/house_901.html"
"house_902";"house";"Новый дом 902";"";"";"";"city_missing";"https://domian-161.ru/obekt/house_902.html"
"house_903";"house";"Новый дом 903";"";"";"";"city_missing";"https://domian-161.ru/obekt/house_903.html"
"house_904";"house";"Новый дом 904";"";"";"";"city_missing";"https://domian-161.ru/obekt/house_904.html"
"house_905";"house";"Новый дом 905";"";"";"";"city_missing";"https://domian-161.ru/obekt/house_905.html"
"house_906";"house";"Новый дом 906";"";"";"";"city_missing";"https://domian-161.ru/obekt/house_906.html"
"house_907";"house";"Новый дом 907";"";"";"";"city_missing";"https://domian-161.ru/obekt/house_907.html"
"house_908";"house";"Новый дом 908";"";"";"";"city_missing";"https://domian-161.ru/obekt/house_908.html"
"house_909";"house";"Новый дом 909";"";"";"";"city_missing";"https://domian-161.ru/obekt/house_909.html"
"house_910";"house";"Новый дом 910";"25000000";"";"";"city_missing";"https://domian-161.ru/obekt/house_910.html"
"house_911";"house";"Дом 297 кв. м в Аксае, участок 20 соток — премиум‑класс с бассейном и выходом на две улицы! Рос";"7000000";"";"в Аксае";"photo_folder_mismatch";"https://domian-161.ru/obekt/house_911.html"
"house_912";"house";"Дом 67 кв. м в Ростов-на-Дону, участок 3 сотки — кирпичный, коммуникации центральные. Зезжайте";"7000000";"";"Ростов-на-Дону";"photo_folder_mismatch";"https://domian-161.ru/obekt/house_912.html"
"house_913";"house";"Загородный дом мечты в станице Старочеркасская: гармония природы и комфорта! Просторный двухэта";"16000000";"Старочеркасская";"станице Старочеркасская";"city_missing, photo_folder_mismatch";"https://domian-161.ru/obekt/house_913.html"
"land_04";"land";"🔥 СРОЧНАЯ ПРОДАЖА! НЕ УПУСТИТЕ ВЫГОДНЫЙ ВАРИАНТ! 🔥 В продаже участок 6 сот. садоводческое товарищество Донское, 777,778,778А";"";"";"";"city_missing";"https://domian-161.ru/obekt/land_04.html"
"land_06";"land";"Продается участок 26 сотоккп Алексеево";"";"";"";"city_missing";"https://domian-161.ru/obekt/land_06.html"
"land_07";"land";"Продается участок 26 соток кп Алексеево";"";"";"";"city_missing";"https://domian-161.ru/obekt/land_07.html"
"land_10";"land";"Участок 7,5 сот. (ИЖС)Продaм земельный учacтoк в пос. Веpхнeтемерницкий, Aксaйскогo paйoнa. Tерритopиaльнo нaxодитcя в чаcтнoм cекторе напpoтив Aшaнa на СЖM в Pocтoвe-на-Дону.";"";"Ве";"пос. Ве";"city_missing";"https://domian-161.ru/obekt/land_10.html"
"land_901";"land";"Новый участок 901";"";"";"";"city_missing";"https://domian-161.ru/obekt/land_901.html"
"land_902";"land";"Новый участок 902";"";"";"";"city_missing";"https://domian-161.ru/obekt/land_902.html"
"land_903";"land";"Новый участок 903";"";"";"";"city_missing";"https://domian-161.ru/obekt/land_903.html"
"land_904";"land";"Новый участок 904";"";"";"";"city_missing";"https://domian-161.ru/obekt/land_904.html"
"land_905";"land";"Новый участок 905";"";"";"";"city_missing";"https://domian-161.ru/obekt/land_905.html"
"land_906";"land";"Новый участок 906";"";"";"";"city_missing";"https://domian-161.ru/obekt/land_906.html"
"land_907";"land";"Новый участок 907";"";"";"";"city_missing";"https://domian-161.ru/obekt/land_907.html"
"land_908";"land";"Новый участок 908";"";"";"";"city_missing";"https://domian-161.ru/obekt/land_908.html"
"land_909";"land";"Новый участок 909";"";"";"";"city_missing";"https://domian-161.ru/obekt/land_909.html"
"land_910";"land";"Новый участок 910";"";"";"";"city_missing";"https://domian-161.ru/obekt/land_910.html"
"object_02";"apartment";"Квартира · Ростовская область";"6250000";"";"";"city_missing";"https://domian-161.ru/obekt/object_02.html"
"object_03";"apartment";"Квартира · Ростовская область · 44 м²";"6700000";"";"";"city_missing";"https://domian-161.ru/obekt/object_03.html"
"object_04";"apartment";"Квартира · Ростовская область";"6250000";"";"";"city_missing";"https://domian-161.ru/obekt/object_04.html"
"object_06";"apartment";"Квартира · Ростовская область · 39 м²";"5950000";"";"";"city_missing";"https://domian-161.ru/obekt/object_06.html"
"object_07";"apartment";"Квартира · Ростовская область · 60 м²";"9150000";"";"";"city_missing";"https://domian-161.ru/obekt/object_07.html"
"object_08";"apartment";"Квартира · Ростовская область · 47 м²";"9000000";"";"";"city_missing";"https://domian-161.ru/obekt/object_08.html"
"object_10";"apartment";"Квартира · Ростовская область";"7000000";"";"";"city_missing";"https://domian-161.ru/obekt/object_10.html"
"object_100";"apartment";"Квартира · Ростовская область";"7000000";"";"";"city_missing";"https://domian-161.ru/obekt/object_100.html"
"object_101";"apartment";"Квартира · Ростовская область";"7000000";"";"";"city_missing";"https://domian-161.ru/obekt/object_101.html"
"object_103";"apartment";"Квартира · Ростовская область";"7000000";"";"";"city_missing";"https://domian-161.ru/obekt/object_103.html"
"object_104";"apartment";"Квартира · Ростовская область";"7000000";"";"";"city_missing";"https://domian-161.ru/obekt/object_104.html"
"object_105";"apartment";"Квартира · Ростовская область";"4900000";"";"";"city_missing";"https://domian-161.ru/obekt/object_105.html"
"object_106";"apartment";"Квартира · Ростовская область";"7550000";"";"";"city_missing";"https://domian-161.ru/obekt/object_106.html"
"object_107";"apartment";"1-комнатная квартира · Ростовская область";"6700000";"";"";"city_missing";"https://domian-161.ru/obekt/object_107.html"
"object_108";"apartment";"Квартира · Ростовская область";"4900000";"";"";"city_missing";"https://domian-161.ru/obekt/object_108.html"
"object_109";"apartment";"1-комнатная квартира · Ростовская область";"4800000";"";"";"city_missing";"https://domian-161.ru/obekt/object_109.html"
"object_11";"apartment";"Квартира · Ростовская область · 75 м²";"11450000";"";"";"city_missing";"https://domian-161.ru/obekt/object_11.html"
"object_110";"apartment";"Квартира · Ростовская область";"7000000";"";"";"city_missing";"https://domian-161.ru/obekt/object_110.html"
"object_111";"apartment";"1-комнатная квартира · Ростовская область · 33 м²";"5450000";"";"";"city_missing";"https://domian-161.ru/obekt/object_111.html"
"object_20";"apartment";"Квартира · Ростовская область";"4900000";"";"";"city_missing";"https://domian-161.ru/obekt/object_20.html"
"object_22";"apartment";"Студия · Ростовская область · 33 м²";"9000000";"";"";"city_missing";"https://domian-161.ru/obekt/object_22.html"
"object_23";"apartment";"Квартира · Ростовская область";"2000000";"ул. Орбитальная";"ул. Орбитальная";"city_missing";"https://domian-161.ru/obekt/object_23.html"
"object_24";"apartment";"Квартира · Ростовская область";"6820000";"";"";"city_missing";"https://domian-161.ru/obekt/object_24.html"
"object_25";"apartment";"Квартира · Ростовская область";"4900000";"";"";"city_missing";"https://domian-161.ru/obekt/object_25.html"
"object_27";"apartment";"2-комнатная квартира · Ростовская область · 72 м²";"9350000";"";"";"city_missing";"https://domian-161.ru/obekt/object_27.html"
"object_28";"apartment";"Квартира · Ростовская область · 90 м²";"13700000";"";"";"city_missing";"https://domian-161.ru/obekt/object_28.html"
"object_29";"apartment";"Квартира · Ростовская область";"4900000";"";"";"city_missing";"https://domian-161.ru/obekt/object_29.html"
"object_30";"apartment";"Квартира · Ростовская область";"7000000";"";"";"city_missing";"https://domian-161.ru/obekt/object_30.html"
"object_32";"apartment";"Квартира · Ростовская область";"7000000";"ул. Институтская";"ул. Институтская";"city_missing";"https://domian-161.ru/obekt/object_32.html"
"object_35";"apartment";"1-комнатная квартира · Ростовская область · 40 м²";"6600000";"";"";"city_missing";"https://domian-161.ru/obekt/object_35.html"
"object_39";"apartment";"1-комнатная квартира · Ростовская область · 32 м²";"6820000";"";"";"city_missing";"https://domian-161.ru/obekt/object_39.html"
"object_41";"apartment";"1-комнатная квартира · Ростовская область";"6700000";"";"";"city_missing";"https://domian-161.ru/obekt/object_41.html"
"object_45";"apartment";"Студия · Ростовская область · 15 м²";"9000000";"";"";"city_missing";"https://domian-161.ru/obekt/object_45.html"
"object_49";"apartment";"1-комнатная квартира · Ростовская область";"6050000";"";"";"city_missing";"https://domian-161.ru/obekt/object_49.html"
"object_50";"apartment";"Студия · Ростовская область";"3200000";"";"";"city_missing";"https://domian-161.ru/obekt/object_50.html"
"object_51";"apartment";"Студия · Ростовская область";"4900000";"";"";"city_missing";"https://domian-161.ru/obekt/object_51.html"
"object_53";"apartment";"2-комнатная квартира · Ростовская область · 62 м²";"9000000";"";"";"city_missing";"https://domian-161.ru/obekt/object_53.html"
"object_61";"apartment";"1-комнатная квартира · Ростовская область";"9000000";"";"";"city_missing";"https://domian-161.ru/obekt/object_61.html"
"object_62";"apartment";"Квартира · Ростовская область · 13 м²";"2500000";"";"";"city_missing";"https://domian-161.ru/obekt/object_62.html"
"object_63";"apartment";"1-комнатная квартира · Ростовская область";"5850000";"";"";"city_missing";"https://domian-161.ru/obekt/object_63.html"
"object_64";"apartment";"1-комнатная квартира · Ростовская область · 33 м²";"3300000";"";"";"city_missing";"https://domian-161.ru/obekt/object_64.html"
"object_66";"apartment";"1-комнатная квартира · Ростовская область · 42 м²";"6950000";"";"";"city_missing";"https://domian-161.ru/obekt/object_66.html"
"object_67";"apartment";"3-комнатная квартира · Ростовская область · 14 м²";"2500000";"";"";"city_missing";"https://domian-161.ru/obekt/object_67.html"
"object_68";"apartment";"2-комнатная квартира · Ростовская область · 56 м²";"7300000";"";"";"city_missing";"https://domian-161.ru/obekt/object_68.html"
"object_69";"apartment";"Квартира · Ростовская область · 62 м²";"9000000";"";"";"city_missing";"https://domian-161.ru/obekt/object_69.html"
"object_70";"apartment";"3-комнатная квартира · Ростовская область · 105 м²";"16000000";"";"";"city_missing";"https://domian-161.ru/obekt/object_70.html"
"object_71";"apartment";"3-комнатная квартира · Ростовская область · 70 м²";"8400000";"";"";"city_missing";"https://domian-161.ru/obekt/object_71.html"
"object_72";"apartment";"2-комнатная квартира · Ростовская область · 48 м²";"9000000";"";"";"city_missing";"https://domian-161.ru/obekt/object_72.html"
"object_73";"apartment";"1-комнатная квартира · Ростовская область · 32 м²";"5300000";"";"";"city_missing";"https://domian-161.ru/obekt/object_73.html"
"object_74";"apartment";"1-комнатная квартира · Ростовская область · 40 м²";"7200000";"";"";"city_missing";"https://domian-161.ru/obekt/object_74.html"
"object_75";"apartment";"1-комнатная квартира · Ростовская область · 44 м²";"6600000";"";"";"city_missing";"https://domian-161.ru/obekt/object_75.html"
"object_76";"apartment";"Квартира · Ростовская область · 18 м²";"2750000";"";"";"city_missing";"https://domian-161.ru/obekt/object_76.html"
"object_77";"apartment";"3-комнатная квартира · Ростовская область";"4900000";"";"";"city_missing";"https://domian-161.ru/obekt/object_77.html"
"object_78";"apartment";"Квартира · Ростовская область · 63 м²";"9000000";"";"";"city_missing";"https://domian-161.ru/obekt/object_78.html"
"object_79";"apartment";"1-комнатная квартира · Ростовская область";"6700000";"";"";"city_missing";"https://domian-161.ru/obekt/object_79.html"
"object_80";"apartment";"1-комнатная квартира · Ростовская область";"4750000";"";"";"city_missing";"https://domian-161.ru/obekt/object_80.html"
"object_81";"apartment";"Квартира · Ростовская область · 72 м²";"9000000";"";"";"city_missing";"https://domian-161.ru/obekt/object_81.html"
"object_82";"apartment";"Квартира · Ростовская область";"9000000";"";"";"city_missing";"https://domian-161.ru/obekt/object_82.html"
"object_83";"apartment";"Квартира · Ростовская область · 58 м²";"9000000";"";"";"city_missing";"https://domian-161.ru/obekt/object_83.html"
"object_84";"apartment";"Квартира · Ростовская область · 50 м²";"9000000";"";"";"city_missing";"https://domian-161.ru/obekt/object_84.html"
"object_85";"apartment";"1-комнатная квартира · Ростовская область";"6400000";"";"";"city_missing";"https://domian-161.ru/obekt/object_85.html"
"object_86";"apartment";"1-комнатная квартира · Ростовская область · 26 м²";"4300000";"";"";"city_missing";"https://domian-161.ru/obekt/object_86.html"
"object_87";"apartment";"Квартира · Ростовская область · 110 м²";"16750000";"";"";"city_missing";"https://domian-161.ru/obekt/object_87.html"
"object_88";"apartment";"Квартира · Ростовская область · 58 м²";"8850000";"";"";"city_missing";"https://domian-161.ru/obekt/object_88.html"
"object_89";"apartment";"Квартира · Ростовская область · 48 м²";"5750000";"";"";"city_missing";"https://domian-161.ru/obekt/object_89.html"
"object_90";"apartment";"Квартира · Ростовская область · 53 м²";"8100000";"";"";"city_missing";"https://domian-161.ru/obekt/object_90.html"
"object_901";"apartment";"Квартира, 44 м²";"";"";"";"city_missing, price_conflict, photo_folder_mismatch";"https://domian-161.ru/obekt/object_901.html"
"object_902";"apartment";"2-комнатная квартира, 63 м²";"9600000";"";"в Аксае";"photo_folder_mismatch";"https://domian-161.ru/obekt/object_902.html"
"object_903";"apartment";"2-комнатная квартира, 56,6 м²";"6100000";"";"в Аксае";"photo_folder_mismatch";"https://domian-161.ru/obekt/object_903.html"
"object_904";"apartment";"1-комнатная квартира, 40 м²";"4700000";"";"Ростов-на-Дону";"photo_folder_mismatch";"https://domian-161.ru/obekt/object_904.html"
"object_905";"apartment";"Квартира";"4900000";"";"";"city_missing, photo_folder_mismatch";"https://domian-161.ru/obekt/object_905.html"
"object_906";"apartment";"2-комнатная квартира";"9000000";"Удобства";"х. Удобства";"city_missing, photo_folder_mismatch";"https://domian-161.ru/obekt/object_906.html"
"object_907";"apartment";"1-комнатная квартира, 36 м²";"";"";"Ростове-на-Дону";"price_conflict, photo_folder_mismatch";"https://domian-161.ru/obekt/object_907.html"
"object_908";"apartment";"Евродвушка 41,6 м²";"";"";"";"city_missing, price_conflict, photo_folder_mismatch";"https://domian-161.ru/obekt/object_908.html"
"object_909";"apartment";"Евро 2-комнатная квартира, 47 м²";"6100000";"";"";"city_missing, photo_folder_mismatch";"https://domian-161.ru/obekt/object_909.html"
"object_91";"apartment";"Квартира · Ростовская область · 10 м²";"2500000";"";"";"city_missing";"https://domian-161.ru/obekt/object_91.html"
"object_910";"apartment";"1-комнатная квартира, 36 м²";"";"";"Ростова-на-Дону";"price_conflict, photo_folder_mismatch";"https://domian-161.ru/obekt/object_910.html"
"object_913";"apartment";"Продаётся просторная 3х‑комнатная квартира 62 м² на 6 этаже из 9 — отличный вариант для комфорт";"6500000";"";"";"city_missing, photo_folder_mismatch";"https://domian-161.ru/obekt/object_913.html"
"object_914";"apartment";"Продаётся просторная 3х‑комнатная квартира 66 м² на 11 этаже из 16 — отличный вариант для комфо";"7200000";"";"";"city_missing, photo_folder_mismatch";"https://domian-161.ru/obekt/object_914.html"
"object_915";"apartment";"Продаётся 2х‑комнатная квартира с евроремонтом 66 м² на 14 этаже из 18 — отличный вариант для к";"7900000";"";"";"city_missing, photo_folder_mismatch";"https://domian-161.ru/obekt/object_915.html"
"object_916";"apartment";"Продаётся уютная 1‑комнатная квартира 29 м² на 2 этаже из 18 — отличный вариант для комфортной";"3600000";"";"";"city_missing, photo_folder_mismatch";"https://domian-161.ru/obekt/object_916.html"
"object_92";"apartment";"Квартира · Ростовская область · 19 м²";"2900000";"";"";"city_missing";"https://domian-161.ru/obekt/object_92.html"
"object_93";"apartment";"1-комнатная квартира · Ростовская область";"6700000";"";"";"city_missing";"https://domian-161.ru/obekt/object_93.html"
"object_94";"apartment";"1-комнатная квартира · Ростовская область";"6700000";"";"";"city_missing";"https://domian-161.ru/obekt/object_94.html"
"object_95";"apartment";"Квартира · Ростовская область · 15 м²";"2500000";"";"";"city_missing";"https://domian-161.ru/obekt/object_95.html"
"object_96";"apartment";"Квартира · Ростовская область";"5200000";"";"";"city_missing";"https://domian-161.ru/obekt/object_96.html"
"object_97";"apartment";"Квартира · Ростовская область";"5200000";"";"";"city_missing";"https://domian-161.ru/obekt/object_97.html"
"object_98";"apartment";"1-комнатная квартира · Ростовская область";"6700000";"";"";"city_missing";"https://domian-161.ru/obekt/object_98.html"
"object_99";"apartment";"Квартира · Ростовская область";"2500000";"";"";"city_missing";"https://domian-161.ru/obekt/object_99.html"
