URL;слов;объектов_на_странице;город;дубль_чего;входящих_внутренних_ссылок;решение;причина
"https://domian-161.ru/newbuilds/5-element-aske/";"172";"0";"Ростов-на-Дону";"";"2";"noindex,follow";"Ростовский ЖК: не более двух объектов в статической подборке; файл и URL сохранены"
"https://domian-161.ru/newbuilds/academia/";"212";"0";"Ростов-на-Дону";"";"2";"noindex,follow";"Ростовский ЖК: не более двух объектов в статической подборке; файл и URL сохранены"
"https://domian-161.ru/newbuilds/akvatoriya/";"177";"0";"Ростов-на-Дону";"";"2";"noindex,follow";"Ростовский ЖК: не более двух объектов в статической подборке; файл и URL сохранены"
"https://domian-161.ru/newbuilds/donskoy-arbat-2/";"187";"0";"Ростов-на-Дону";"";"2";"noindex,follow";"Ростовский ЖК: не более двух объектов в статической подборке; файл и URL сохранены"
"https://domian-161.ru/newbuilds/donskoy-arbat/";"177";"0";"Ростов-на-Дону";"";"2";"noindex,follow";"Ростовский ЖК: не более двух объектов в статической подборке; файл и URL сохранены"
"https://domian-161.ru/newbuilds/dvizhenie-61/";"169";"0";"Ростов-на-Дону";"";"2";"noindex,follow";"Ростовский ЖК: не более двух объектов в статической подборке; файл и URL сохранены"
"https://domian-161.ru/newbuilds/four-premiers/";"183";"0";"Ростов-на-Дону";"";"2";"noindex,follow";"Ростовский ЖК: не более двух объектов в статической подборке; файл и URL сохранены"
"https://domian-161.ru/newbuilds/gorod-u-reki/";"177";"0";"Ростов-на-Дону";"";"2";"noindex,follow";"Ростовский ЖК: не более двух объектов в статической подборке; файл и URL сохранены"
"https://domian-161.ru/newbuilds/gray/";"199";"0";"Ростов-на-Дону";"";"2";"noindex,follow";"Ростовский ЖК: не более двух объектов в статической подборке; файл и URL сохранены"
"https://domian-161.ru/newbuilds/green-park/";"161";"0";"Ростов-на-Дону";"";"2";"noindex,follow";"Ростовский ЖК: не более двух объектов в статической подборке; файл и URL сохранены"
"https://domian-161.ru/newbuilds/grinside/";"165";"0";"Ростов-на-Дону";"";"2";"noindex,follow";"Ростовский ЖК: не более двух объектов в статической подборке; файл и URL сохранены"
"https://domian-161.ru/newbuilds/kristall-2/";"170";"0";"Ростов-на-Дону";"";"2";"noindex,follow";"Ростовский ЖК: не более двух объектов в статической подборке; файл и URL сохранены"
"https://domian-161.ru/newbuilds/legenda-rostova/";"182";"0";"Ростов-на-Дону";"";"2";"noindex,follow";"Ростовский ЖК: не более двух объектов в статической подборке; файл и URL сохранены"
"https://domian-161.ru/newbuilds/leventsovka-park/";"178";"0";"Ростов-на-Дону";"";"2";"noindex,follow";"Ростовский ЖК: не более двух объектов в статической подборке; файл и URL сохранены"
"https://domian-161.ru/newbuilds/levoberezhe/";"201";"0";"Ростов-на-Дону";"";"0";"noindex,follow";"Ростовский ЖК: не более двух объектов в статической подборке; файл и URL сохранены"
"https://domian-161.ru/newbuilds/oktyabr-park/";"221";"0";"Ростов-на-Дону";"";"2";"noindex,follow";"Ростовский ЖК: не более двух объектов в статической подборке; файл и URL сохранены"
"https://domian-161.ru/newbuilds/royal-towers/";"184";"0";"Ростов-на-Дону";"";"2";"noindex,follow";"Ростовский ЖК: не более двух объектов в статической подборке; файл и URL сохранены"
"https://domian-161.ru/newbuilds/siyanie/";"164";"0";"Ростов-на-Дону";"";"2";"noindex,follow";"Ростовский ЖК: не более двух объектов в статической подборке; файл и URL сохранены"
"https://domian-161.ru/newbuilds/smartpolet/";"173";"0";"Ростов-на-Дону";"";"2";"noindex,follow";"Ростовский ЖК: не более двух объектов в статической подборке; файл и URL сохранены"
"https://domian-161.ru/newbuilds/suvorovskiy/";"172";"0";"Ростов-на-Дону";"";"2";"noindex,follow";"Ростовский ЖК: не более двух объектов в статической подборке; файл и URL сохранены"
"https://domian-161.ru/newbuilds/zapadnye-allei/";"176";"0";"Ростов-на-Дону";"";"2";"noindex,follow";"Ростовский ЖК: не более двух объектов в статической подборке; файл и URL сохранены"
"https://domian-161.ru/seo/doma-loc-aksay.html";"217";"4";"Аксай / Аксайский район";"";"1";"оставить";"Сохранение индексируемой страницы и статическая ссылка с хаба"
"https://domian-161.ru/seo/doma-loc-rossiyskiy.html";"157";"2";"";"";"2";"оставить";"Аксайская посадочная сохраняется по заданию; город объектов не выведен из названия посёлка"
"https://domian-161.ru/seo/doma-raion-aksayskiy-rayon.html";"148";"2";"Аксай / Аксайский район";"";"1";"оставить";"Сохранение индексируемой страницы и статическая ссылка с хаба"
"https://domian-161.ru/seo/kvartiry-loc-aksay.html";"150";"2";"Аксай / Аксайский район";"";"3";"оставить";"Сохранение индексируемой страницы и статическая ссылка с хаба"
"https://domian-161.ru/seo/kvartiry-loc-rostov-na-donu.html";"709";"15";"Ростов-на-Дону";"";"1";"оставить";"Сохранение индексируемой страницы и статическая ссылка с хаба"
"https://domian-161.ru/seo/kvartiry-raion-roletarskiy-rayon.html";"135";"2";"Ростов-на-Дону";"";"1";"оставить";"Сохранение индексируемой страницы и статическая ссылка с хаба"
"https://domian-161.ru/seo/kvartiry-ul-40-let-pobedy.html";"147";"2";"Ростов-на-Дону";"";"1";"оставить";"Сохранение индексируемой страницы и статическая ссылка с хаба"
"https://domian-161.ru/seo/kvartiry-zhk-aleksandrovskiy.html";"146";"2";"Ростов-на-Дону";"";"0";"noindex,follow";"Ростовский ЖК: не более двух объектов в статической подборке; файл и URL сохранены"
"https://domian-161.ru/seo/kvartiry-zhk-ersona.html";"138";"2";"Ростов-на-Дону";"";"0";"noindex,follow";"Ростовский ЖК: не более двух объектов в статической подборке; файл и URL сохранены"
"https://domian-161.ru/seo/kvartiry-zhk-levoberezhnyy.html";"138";"2";"Ростов-на-Дону";"";"0";"noindex,follow";"Ростовский ЖК: не более двух объектов в статической подборке; файл и URL сохранены"
"https://domian-161.ru/seo/kvartiry-zhk-mechty.html";"136";"2";"Ростов-на-Дону";"";"0";"noindex,follow";"Ростовский ЖК: не более двух объектов в статической подборке; файл и URL сохранены"
"https://domian-161.ru/seo/kvartiry-zhk-olet.html";"268";"5";"Ростов-на-Дону";"";"2";"оставить";"Сохранение индексируемой страницы и статическая ссылка с хаба"
"https://domian-161.ru/seo/kvartiry-zhk-orod-u-reki.html";"144";"2";"Ростов-на-Дону";"";"0";"noindex,follow";"Ростовский ЖК: не более двух объектов в статической подборке; файл и URL сохранены"
"https://domian-161.ru/seo/kvartiry-zhk-sokol-grad-2.html";"143";"2";"Ростов-на-Дону";"https://domian-161.ru/seo/kvartiry-zhk-sokol-grad.html";"0";"canonical";"Дубль; каноничная подборка содержит больше объектов (3)"
"https://domian-161.ru/seo/kvartiry-zhk-sokol-grad.html";"186";"3";"Ростов-на-Дону";"";"2";"оставить";"Сохранение индексируемой страницы и статическая ссылка с хаба"
"https://domian-161.ru/seo/kvartiry-zhk-veresaeva.html";"131";"2";"Ростов-на-Дону";"https://domian-161.ru/seo/kvartiry-zhk-veresaevo.html";"0";"canonical";"Дубль; каноничная подборка содержит больше объектов (5)"
"https://domian-161.ru/seo/kvartiry-zhk-veresaevo.html";"252";"5";"Ростов-на-Дону";"";"2";"оставить";"Сохранение индексируемой страницы и статическая ссылка с хаба"
"https://domian-161.ru/seo/kvartiry-zhk-vishnevyy-sad.html";"134";"2";"";"";"2";"вопрос владельцу";"nb_22 и nb_23 не содержат города/адреса. Общих подтверждённых объектов с аксайской страницей нет; canonical не меняется"
"https://domian-161.ru/seo/kvartiry-zhk-zapadnye-allei.html";"171";"3";"Ростов-на-Дону";"";"2";"оставить";"Сохранение индексируемой страницы и статическая ссылка с хаба"
"https://domian-161.ru/seo/uchastki-loc-aksay.html";"166";"2";"Аксай / Аксайский район";"";"2";"оставить";"Сохранение индексируемой страницы и статическая ссылка с хаба"
"https://domian-161.ru/seo/uchastki-raion-aksayskiy-rayon.html";"319";"5";"Аксай / Аксайский район";"";"1";"оставить";"Сохранение индексируемой страницы и статическая ссылка с хаба"
"https://domian-161.ru/seo/zhk-atmosfera-aksay.html";"422";"0";"Аксай / Аксайский район";"";"2";"оставить";"Сохранение индексируемой страницы и статическая ссылка с хаба"
"https://domian-161.ru/seo/zhk-flora-aksay.html";"285";"0";"Аксай / Аксайский район";"";"1";"оставить";"Сохранение индексируемой страницы и статическая ссылка с хаба"
"https://domian-161.ru/seo/zhk-novyy-aksay.html";"421";"0";"Аксай / Аксайский район";"";"2";"оставить";"Сохранение индексируемой страницы и статическая ссылка с хаба"
"https://domian-161.ru/seo/zhk-samotsvety-aksay.html";"440";"0";"Аксай / Аксайский район";"";"2";"оставить";"Сохранение индексируемой страницы и статическая ссылка с хаба"
"https://domian-161.ru/seo/zhk-vishnevyy-sad-aksay.html";"432";"0";"Аксай / Аксайский район";"";"2";"оставить";"Сохранение индексируемой страницы и статическая ссылка с хаба"
