file,line,column,term,context
_private/build-newbuilds-v3.js,417,129,первичн,"override.price_note || record.price_note || null) : ""Актуальная минимальная цена не подтверждена на первичном источнике."" }, areas: { min: Object.prototype.hasOwnProperty.call(override, ""area_min"") ? numberOrNull(override.area_min) : num"
_private/company-rebuild/main-no-company.html,439,68,Архив,"lass=""container form-container""> <h2 class=""section-title fade-in"" id=""archived-lead-title"">Архивный макет</h2> <p class=""fade-in form-note"">Отправка из этой копии отключена. Используйте рабочую форму на главной странице.</p> <a cl"
_private/construction-projects.json,129,22,Архив,"Document"": ""Партнерская программа ДоманСтрой_ (1).pdf"", ""sourcePage"": 4, ""factSource"": ""Архив и официальный каталог застройщика, указанный в PDF"", ""recordType"": ""project"" }, { ""id"": ""ds-85-5"", ""slug"": ""domanstroy-ds-8"
_private/construction-projects.json,187,22,Архив,"Document"": ""Партнерская программа ДоманСтрой_ (1).pdf"", ""sourcePage"": 4, ""factSource"": ""Архив и официальный каталог застройщика, указанный в PDF"", ""recordType"": ""project"" }, { ""id"": ""ds-85"", ""slug"": ""domanstroy-ds-85"""
_private/construction-projects.json,245,22,Архив,"Document"": ""Партнерская программа ДоманСтрой_ (1).pdf"", ""sourcePage"": 4, ""factSource"": ""Архив и официальный каталог застройщика, указанный в PDF"", ""recordType"": ""project"" }, { ""id"": ""ds-115"", ""slug"": ""domanstroy-ds-11"
_private/construction-projects.json,303,22,Архив,"Document"": ""Партнерская программа ДоманСтрой_ (1).pdf"", ""sourcePage"": 4, ""factSource"": ""Архив и официальный каталог застройщика, указанный в PDF"", ""recordType"": ""project"" }, { ""id"": ""ds-116"", ""slug"": ""domanstroy-ds-11"
_private/construction-projects.json,361,22,Архив,"Document"": ""Партнерская программа ДоманСтрой_ (1).pdf"", ""sourcePage"": 4, ""factSource"": ""Архив и официальный каталог застройщика, указанный в PDF"", ""recordType"": ""project"" }, { ""id"": ""ds-128"", ""slug"": ""domanstroy-ds-12"
_private/construction-projects.json,419,22,Архив,"Document"": ""Партнерская программа ДоманСтрой_ (1).pdf"", ""sourcePage"": 4, ""factSource"": ""Архив и официальный каталог застройщика, указанный в PDF"", ""recordType"": ""project"" }, { ""id"": ""ds-130"", ""slug"": ""domanstroy-ds-13"
_private/construction-projects.json,477,22,Архив,"Document"": ""Партнерская программа ДоманСтрой_ (1).pdf"", ""sourcePage"": 4, ""factSource"": ""Архив и официальный каталог застройщика, указанный в PDF"", ""recordType"": ""project"" }, { ""id"": ""soyuz-69-9"", ""slug"": ""soyuz-69-9"","
_private/generate-newbuild-pages.js,30,86,первичн,"адью Ленина."", ""Многокорпусный жилой комплекс в западной части Ростова-на-Дону. Актуальная цена первичного предложения не подтверждена."": ""Многокорпусный жилой комплекс в западной части Ростова-на-Дону."" }; return descriptions[item.description] || i"
_private/output/newbuilds/newbuilds-v2.json,1383,98,актуальност,""", ""price_note"": ""Официальная страница указывает дату обновления списка квартир 21.11.2025; актуальность конкретного лота нужно подтвердить."" }, { ""title"": ""Платовский"", ""price"": ""3 466 124"", ""address"": ""Ростов-на-Дону, у"
_private/output/newbuilds/newbuilds-v2.json,1436,47,первичн,"eloper"": ""ЮгСтройИнвест"", ""class"": ""комфорт"", ""status"": ""Проект существует; наличие первичных продаж уточняется"", ""description"": ""Жилой микрорайон в Нахичевани с благоустроенными дворами и общественными пространствами. Актуальное нал"
_private/output/newbuilds/newbuilds-v2.json,1498,105,первичн,"""description"": ""Многокорпусный жилой комплекс в западной части Ростова-на-Дону. Актуальная цена первичного предложения не подтверждена."", ""source_url"": ""https://erzrf.ru/novostroyki/zhk-ekaterininskij-3850716001"", ""source_domain"": ""erzrf"
apartments.html,407,63,Первичн,"ticle class=""seo-content__link-card""> <span class=""seo-content__link-badge"">Первичный рынок</span> <h4 class=""seo-content__card-title"">Новостройки</h4> <p>Если хотите сравнить вторичку"
apartments.html,409,60,первичн,"eo-content__card-title"">Новостройки</h4> <p>Если хотите сравнить вторичку с первичным рынком и сданными ЖК.</p> <a href=""newbuilds.html"">Перейти в раздел новостроек <span aria-hidden=""true"">→</span></a>"
company-rebuild/main-no-company.html,440,68,Архив,"lass=""container form-container""> <h2 class=""section-title fade-in"" id=""archived-lead-title"">Архивный макет</h2> <p class=""fade-in form-note"">Отправка из этой копии отключена. Используйте рабочую форму на главной странице.</p> <a cl"
construction/projects/eqvita-01.html,54,1694,уточняются,"и</dt><dd>уточняется</dd></div><div><dt>Санузлы</dt><dd>уточняется</dd></div><div><dt>Стены</dt><dd>уточняются</dd></div><div><dt>Тип</dt><dd>индивидуальный</dd></div></dl></div></section><section class=""construction-section project-gallery""><div class=""contai"
construction/projects/eqvita-02.html,54,1696,уточняются,"и</dt><dd>уточняется</dd></div><div><dt>Санузлы</dt><dd>уточняется</dd></div><div><dt>Стены</dt><dd>уточняются</dd></div><div><dt>Тип</dt><dd>индивидуальный</dd></div></dl></div></section><section class=""construction-section project-gallery""><div class=""contai"
construction/projects/eqvita-03.html,54,1693,уточняются,"и</dt><dd>уточняется</dd></div><div><dt>Санузлы</dt><dd>уточняется</dd></div><div><dt>Стены</dt><dd>уточняются</dd></div><div><dt>Тип</dt><dd>индивидуальный</dd></div></dl></div></section><section class=""construction-section project-gallery""><div class=""contai"
construction/projects/eqvita-04.html,54,1675,уточняются,"iv><div><dt>Спальни</dt><dd>2</dd></div><div><dt>Санузлы</dt><dd>2</dd></div><div><dt>Стены</dt><dd>уточняются</dd></div><div><dt>Тип</dt><dd>индивидуальный</dd></div></dl></div></section><section class=""construction-section project-gallery""><div class=""contai"
data/zhk/aksay.json,35,25,первичн,"ктов"" }, { ""slug"": ""novyy"", ""name"": ""Новый Аксай"", ""publish"": true, ""developer"": ""UNK — первичный источник не найден"", ""address"": ""UNK"", ""status"": ""UNK"", ""deadlines"": ""UNK"", ""price"": ""UNK"", ""source"": null, ""verifiedAt"": ""2026-10-07"", ""pr"
data/zhk/aksay.json,37,68,первичн,"ull, ""verifiedAt"": ""2026-10-07"", ""provenance"": ""owner_supplied_snapshot"", ""independent_check"": ""первичный источник отсутствует"" }, { ""slug"": ""pridonye"", ""name"": ""Придонье"", ""publish"": false, ""developer"": ""ССК"", ""address"": ""Аксай"", ""status"":"
data/zhk/main-content.json,17,2896,таблиц,">Как сравниваем квартиру в Атмосфере с альтернативами</h2>\n <p>Сводим предложения к одной таблице: цена покупки, состояние ремонта, обязательные вложения, срок въезда, ежемесячные расходы и юридическая сложность. Так квартира с более низкой ценой"
index-preview.html,571,188,актуальност,"ный бюджет и форматы, которые чаще всего выбирают покупатели. Оставьте заявку — специалист проверит актуальность, расскажет детали и поможет организовать просмотр.</p> </div> <div class=""showcase-grid"" data-showcase=""aksay-secondary"" data-type="""
index.html,508,188,актуальност,"ный бюджет и форматы, которые чаще всего выбирают покупатели. Оставьте заявку — специалист проверит актуальность, расскажет детали и поможет организовать просмотр.</p> </div> <div class=""showcase-grid"" data-showcase=""aksay-secondary"" data-type="""
newbuilds.html,272,215,Актуальност,"то смотрит квартиры в сданной или современной жилой среде и хочет сравнить ее со вторичкой.</td><td>Актуальность предложения, юридическую историю квартиры, платежи и будущий ремонт.</td><td>Есть ли ограничения в ЕГРН, применима ли ипотека, какие расходы возникн"
newbuilds.html,297,238,Актуальност,"упатели часто сравнивают разные ЖК Аксая, включая Вишневый сад, Новый Аксай, Атмосферу и Самоцветы. Актуальность предложений по каждому комплексу нужно уточнять перед просмотром.</p></article> <article class=""seo-content__faq-item""><h4 class"
offer.html,81,144,уточняются,"овлять содержание и временно ограничивать доступ для технических работ. Существенные условия сделок уточняются непосредственно у владельца объекта, застройщика, банка или иного участника.</p> <h2>4. Материалы и интеллектуальные права</h2>"
offer.html,88,62,актуальност,"<h2>5. Ответственность</h2> <p>5.1. Владелец принимает разумные меры для актуальности и работоспособности Сайта, однако сведения могут изменяться, а доступ временно прерываться по техническим причинам или из-за действий третьих лиц.</"
output/newbuilds/catalog-v3.json,27,65,первичн,"equest"", ""verified"": false, ""note"": ""Актуальная минимальная цена не подтверждена на первичном источнике."" }, ""areas"": { ""min"": null, ""max"": null, ""unit"": ""m2"" }, ""description"": ""Квартал комплек"
output/newbuilds/catalog-v3.json,111,65,первичн,"equest"", ""verified"": false, ""note"": ""Актуальная минимальная цена не подтверждена на первичном источнике."" }, ""areas"": { ""min"": null, ""max"": null, ""unit"": ""m2"" }, ""description"": ""Жилой квартал н"
output/newbuilds/catalog-v3.json,214,65,первичн,"equest"", ""verified"": false, ""note"": ""Актуальная минимальная цена не подтверждена на первичном источнике."" }, ""areas"": { ""min"": null, ""max"": null, ""unit"": ""m2"" }, ""description"": ""Новый квартал в"
output/newbuilds/catalog-v3.json,298,65,первичн,"equest"", ""verified"": false, ""note"": ""Актуальная минимальная цена не подтверждена на первичном источнике."" }, ""areas"": { ""min"": 31.3, ""max"": 84.9, ""unit"": ""m2"" }, ""description"": ""Умный квартал н"
output/newbuilds/catalog-v3.json,804,65,первичн,"equest"", ""verified"": false, ""note"": ""Актуальная минимальная цена не подтверждена на первичном источнике."" }, ""areas"": { ""min"": 29, ""max"": 78, ""unit"": ""m2"" }, ""description"": ""Сданный жилой компл"
output/newbuilds/catalog-v3.json,888,65,первичн,"equest"", ""verified"": false, ""note"": ""Актуальная минимальная цена не подтверждена на первичном источнике."" }, ""areas"": { ""min"": null, ""max"": null, ""unit"": ""m2"" }, ""description"": ""Жилой комплекс"
output/newbuilds/catalog-v3.json,1162,65,первичн,"equest"", ""verified"": false, ""note"": ""Актуальная минимальная цена не подтверждена на первичном источнике."" }, ""areas"": { ""min"": 58, ""max"": 76, ""unit"": ""m2"" }, ""description"": ""Сданный дом бизнес-"
output/newbuilds/catalog-v3.json,1472,65,первичн,"equest"", ""verified"": false, ""note"": ""Актуальная минимальная цена не подтверждена на первичном источнике."" }, ""areas"": { ""min"": null, ""max"": null, ""unit"": ""m2"" }, ""description"": ""Жилой комплекс"
output/newbuilds/catalog-v3.json,1638,65,первичн,"equest"", ""verified"": false, ""note"": ""Актуальная минимальная цена не подтверждена на первичном источнике."" }, ""areas"": { ""min"": null, ""max"": null, ""unit"": ""m2"" }, ""description"": ""Жилой комплекс"
output/newbuilds/catalog-v3.json,1787,65,первичн,"equest"", ""verified"": false, ""note"": ""Актуальная минимальная цена не подтверждена на первичном источнике."" }, ""areas"": { ""min"": null, ""max"": null, ""unit"": ""m2"" }, ""description"": null, ""fea"
output/newbuilds/catalog-v3.json,1854,65,первичн,"equest"", ""verified"": false, ""note"": ""Актуальная минимальная цена не подтверждена на первичном источнике."" }, ""areas"": { ""min"": null, ""max"": null, ""unit"": ""m2"" }, ""description"": ""Жилой квартал р"
output/newbuilds/catalog-v3.json,1919,65,первичн,"equest"", ""verified"": false, ""note"": ""Актуальная минимальная цена не подтверждена на первичном источнике."" }, ""areas"": { ""min"": null, ""max"": null, ""unit"": ""m2"" }, ""description"": null, ""fea"
output/newbuilds/catalog-v3.json,1986,65,первичн,"equest"", ""verified"": false, ""note"": ""Актуальная минимальная цена не подтверждена на первичном источнике."" }, ""areas"": { ""min"": null, ""max"": null, ""unit"": ""m2"" }, ""description"": ""Жилой квартал с"
output/newbuilds/catalog-v3.json,2051,65,первичн,"equest"", ""verified"": false, ""note"": ""Актуальная минимальная цена не подтверждена на первичном источнике."" }, ""areas"": { ""min"": null, ""max"": null, ""unit"": ""m2"" }, ""description"": null, ""fea"
output/newbuilds/catalog-v3.json,2118,65,первичн,"equest"", ""verified"": false, ""note"": ""Актуальная минимальная цена не подтверждена на первичном источнике."" }, ""areas"": { ""min"": null, ""max"": null, ""unit"": ""m2"" }, ""description"": null, ""fea"
output/newbuilds/catalog-v3.json,2185,65,первичн,"equest"", ""verified"": false, ""note"": ""Актуальная минимальная цена не подтверждена на первичном источнике."" }, ""areas"": { ""min"": null, ""max"": null, ""unit"": ""m2"" }, ""description"": null, ""fea"
output/newbuilds/catalog-v3.json,2252,65,первичн,"equest"", ""verified"": false, ""note"": ""Актуальная минимальная цена не подтверждена на первичном источнике."" }, ""areas"": { ""min"": null, ""max"": null, ""unit"": ""m2"" }, ""description"": ""Жилой квартал р"
output/newbuilds/catalog-v3.json,2317,65,первичн,"equest"", ""verified"": false, ""note"": ""Актуальная минимальная цена не подтверждена на первичном источнике."" }, ""areas"": { ""min"": null, ""max"": null, ""unit"": ""m2"" }, ""description"": null, ""fea"
output/newbuilds/catalog-v3.json,2384,65,первичн,"equest"", ""verified"": false, ""note"": ""Актуальная минимальная цена не подтверждена на первичном источнике."" }, ""areas"": { ""min"": null, ""max"": null, ""unit"": ""m2"" }, ""description"": ""Жилой комплекс"
output/newbuilds/catalog-v3.json,2449,65,первичн,"equest"", ""verified"": false, ""note"": ""Актуальная минимальная цена не подтверждена на первичном источнике."" }, ""areas"": { ""min"": null, ""max"": null, ""unit"": ""m2"" }, ""description"": null, ""fea"
output/newbuilds/catalog-v3.json,2516,65,первичн,"equest"", ""verified"": false, ""note"": ""Актуальная минимальная цена не подтверждена на первичном источнике."" }, ""areas"": { ""min"": null, ""max"": null, ""unit"": ""m2"" }, ""description"": null, ""fea"
output/newbuilds/catalog-v3.json,2583,65,первичн,"equest"", ""verified"": false, ""note"": ""Актуальная минимальная цена не подтверждена на первичном источнике."" }, ""areas"": { ""min"": null, ""max"": null, ""unit"": ""m2"" }, ""description"": null, ""fea"
output/newbuilds/catalog-v3.json,2650,65,первичн,"equest"", ""verified"": false, ""note"": ""Актуальная минимальная цена не подтверждена на первичном источнике."" }, ""areas"": { ""min"": null, ""max"": null, ""unit"": ""m2"" }, ""description"": null, ""fea"
output/newbuilds/catalog-v3.json,2717,65,первичн,"equest"", ""verified"": false, ""note"": ""Актуальная минимальная цена не подтверждена на первичном источнике."" }, ""areas"": { ""min"": null, ""max"": null, ""unit"": ""m2"" }, ""description"": null, ""fea"
output/newbuilds/catalog-v3.json,2784,65,первичн,"equest"", ""verified"": false, ""note"": ""Актуальная минимальная цена не подтверждена на первичном источнике."" }, ""areas"": { ""min"": null, ""max"": null, ""unit"": ""m2"" }, ""description"": null, ""fea"
output/newbuilds/catalog-v3.json,2851,65,первичн,"equest"", ""verified"": false, ""note"": ""Актуальная минимальная цена не подтверждена на первичном источнике."" }, ""areas"": { ""min"": null, ""max"": null, ""unit"": ""m2"" }, ""description"": ""Комплекс распол"
output/newbuilds/catalog-v3.json,2916,65,первичн,"equest"", ""verified"": false, ""note"": ""Актуальная минимальная цена не подтверждена на первичном источнике."" }, ""areas"": { ""min"": null, ""max"": null, ""unit"": ""m2"" }, ""description"": null, ""fea"
output/newbuilds/catalog-v3.json,2983,65,первичн,"equest"", ""verified"": false, ""note"": ""Актуальная минимальная цена не подтверждена на первичном источнике."" }, ""areas"": { ""min"": null, ""max"": null, ""unit"": ""m2"" }, ""description"": ""Жилой комплекс"
output/newbuilds/catalog-v3.json,3048,65,первичн,"equest"", ""verified"": false, ""note"": ""Актуальная минимальная цена не подтверждена на первичном источнике."" }, ""areas"": { ""min"": null, ""max"": null, ""unit"": ""m2"" }, ""description"": null, ""fea"
output/newbuilds/catalog-v3.json,3115,65,первичн,"equest"", ""verified"": false, ""note"": ""Актуальная минимальная цена не подтверждена на первичном источнике."" }, ""areas"": { ""min"": null, ""max"": null, ""unit"": ""m2"" }, ""description"": ""Крупный жилой р"
output/newbuilds/catalog-v3.json,3180,65,первичн,"equest"", ""verified"": false, ""note"": ""Актуальная минимальная цена не подтверждена на первичном источнике."" }, ""areas"": { ""min"": null, ""max"": null, ""unit"": ""m2"" }, ""description"": null, ""fea"
output/newbuilds/catalog-v3.json,3247,65,первичн,"equest"", ""verified"": false, ""note"": ""Актуальная минимальная цена не подтверждена на первичном источнике."" }, ""areas"": { ""min"": null, ""max"": null, ""unit"": ""m2"" }, ""description"": null, ""fea"
output/newbuilds/catalog-v3.json,3398,65,первичн,"equest"", ""verified"": false, ""note"": ""Актуальная минимальная цена не подтверждена на первичном источнике."" }, ""areas"": { ""min"": null, ""max"": null, ""unit"": ""m2"" }, ""description"": null, ""fea"
output/newbuilds/catalog-v3.json,3465,65,первичн,"equest"", ""verified"": false, ""note"": ""Актуальная минимальная цена не подтверждена на первичном источнике."" }, ""areas"": { ""min"": null, ""max"": null, ""unit"": ""m2"" }, ""description"": ""Жилой квартал р"
output/newbuilds/catalog-v3.json,3530,65,первичн,"equest"", ""verified"": false, ""note"": ""Актуальная минимальная цена не подтверждена на первичном источнике."" }, ""areas"": { ""min"": null, ""max"": null, ""unit"": ""m2"" }, ""description"": ""Жилой дом распо"
output/newbuilds/catalog-v3.json,3595,65,первичн,"equest"", ""verified"": false, ""note"": ""Актуальная минимальная цена не подтверждена на первичном источнике."" }, ""areas"": { ""min"": null, ""max"": null, ""unit"": ""m2"" }, ""description"": null, ""fea"
output/newbuilds/catalog-v3.json,3662,65,первичн,"equest"", ""verified"": false, ""note"": ""Актуальная минимальная цена не подтверждена на первичном источнике."" }, ""areas"": { ""min"": null, ""max"": null, ""unit"": ""m2"" }, ""description"": null, ""fea"
output/newbuilds/catalog-v3.json,3729,65,первичн,"equest"", ""verified"": false, ""note"": ""Актуальная минимальная цена не подтверждена на первичном источнике."" }, ""areas"": { ""min"": null, ""max"": null, ""unit"": ""m2"" }, ""description"": ""Жилой дом распо"
output/newbuilds/catalog-v3.json,3794,65,первичн,"equest"", ""verified"": false, ""note"": ""Актуальная минимальная цена не подтверждена на первичном источнике."" }, ""areas"": { ""min"": null, ""max"": null, ""unit"": ""m2"" }, ""description"": null, ""fea"
output/newbuilds/catalog-v3.json,3861,65,первичн,"equest"", ""verified"": false, ""note"": ""Актуальная минимальная цена не подтверждена на первичном источнике."" }, ""areas"": { ""min"": null, ""max"": null, ""unit"": ""m2"" }, ""description"": null, ""fea"
output/newbuilds/catalog-v3.json,3928,65,первичн,"equest"", ""verified"": false, ""note"": ""Актуальная минимальная цена не подтверждена на первичном источнике."" }, ""areas"": { ""min"": null, ""max"": null, ""unit"": ""m2"" }, ""description"": ""Жилой комплекс"
output/newbuilds/catalog-v3.json,3993,65,первичн,"equest"", ""verified"": false, ""note"": ""Актуальная минимальная цена не подтверждена на первичном источнике."" }, ""areas"": { ""min"": null, ""max"": null, ""unit"": ""m2"" }, ""description"": null, ""fea"
output/newbuilds/catalog-v3.json,4060,65,первичн,"equest"", ""verified"": false, ""note"": ""Актуальная минимальная цена не подтверждена на первичном источнике."" }, ""areas"": { ""min"": null, ""max"": null, ""unit"": ""m2"" }, ""description"": null, ""fea"
output/newbuilds/catalog-v3.json,4127,65,первичн,"equest"", ""verified"": false, ""note"": ""Актуальная минимальная цена не подтверждена на первичном источнике."" }, ""areas"": { ""min"": null, ""max"": null, ""unit"": ""m2"" }, ""description"": null, ""fea"
output/newbuilds/catalog-v3.json,4194,65,первичн,"equest"", ""verified"": false, ""note"": ""Актуальная минимальная цена не подтверждена на первичном источнике."" }, ""areas"": { ""min"": null, ""max"": null, ""unit"": ""m2"" }, ""description"": null, ""fea"
output/newbuilds/catalog-v3.json,4261,65,первичн,"equest"", ""verified"": false, ""note"": ""Актуальная минимальная цена не подтверждена на первичном источнике."" }, ""areas"": { ""min"": null, ""max"": null, ""unit"": ""m2"" }, ""description"": ""Жилой комплекс"
output/newbuilds/catalog-v3.json,4326,65,первичн,"equest"", ""verified"": false, ""note"": ""Актуальная минимальная цена не подтверждена на первичном источнике."" }, ""areas"": { ""min"": null, ""max"": null, ""unit"": ""m2"" }, ""description"": ""Жилой комплекс"
output/newbuilds/catalog-v3.json,4391,65,первичн,"equest"", ""verified"": false, ""note"": ""Актуальная минимальная цена не подтверждена на первичном источнике."" }, ""areas"": { ""min"": null, ""max"": null, ""unit"": ""m2"" }, ""description"": null, ""fea"
output/newbuilds/catalog-v3.json,4458,65,первичн,"equest"", ""verified"": false, ""note"": ""Актуальная минимальная цена не подтверждена на первичном источнике."" }, ""areas"": { ""min"": null, ""max"": null, ""unit"": ""m2"" }, ""description"": ""Небольшой жилой"
output/newbuilds/catalog-v3.json,4523,65,первичн,"equest"", ""verified"": false, ""note"": ""Актуальная минимальная цена не подтверждена на первичном источнике."" }, ""areas"": { ""min"": null, ""max"": null, ""unit"": ""m2"" }, ""description"": null, ""fea"
output/newbuilds/catalog-v3.json,4590,65,первичн,"equest"", ""verified"": false, ""note"": ""Актуальная минимальная цена не подтверждена на первичном источнике."" }, ""areas"": { ""min"": null, ""max"": null, ""unit"": ""m2"" }, ""description"": ""Жилой комплекс"
output/newbuilds/catalog-v3.json,4655,65,первичн,"equest"", ""verified"": false, ""note"": ""Актуальная минимальная цена не подтверждена на первичном источнике."" }, ""areas"": { ""min"": null, ""max"": null, ""unit"": ""m2"" }, ""description"": ""Жилой комплекс"
output/newbuilds/catalog-v3.json,4720,65,первичн,"equest"", ""verified"": false, ""note"": ""Актуальная минимальная цена не подтверждена на первичном источнике."" }, ""areas"": { ""min"": null, ""max"": null, ""unit"": ""m2"" }, ""description"": null, ""fea"
output/newbuilds/catalog-v3.json,4788,65,первичн,"equest"", ""verified"": false, ""note"": ""Актуальная минимальная цена не подтверждена на первичном источнике."" }, ""areas"": { ""min"": null, ""max"": null, ""unit"": ""m2"" }, ""description"": null, ""fea"
output/newbuilds/catalog-v3.json,4939,65,первичн,"equest"", ""verified"": false, ""note"": ""Актуальная минимальная цена не подтверждена на первичном источнике."" }, ""areas"": { ""min"": null, ""max"": null, ""unit"": ""m2"" }, ""description"": null, ""fea"
output/newbuilds/catalog-v3.json,5006,65,первичн,"equest"", ""verified"": false, ""note"": ""Актуальная минимальная цена не подтверждена на первичном источнике."" }, ""areas"": { ""min"": null, ""max"": null, ""unit"": ""m2"" }, ""description"": ""Жилой дом распо"
output/newbuilds/catalog-v3.json,5071,65,первичн,"equest"", ""verified"": false, ""note"": ""Актуальная минимальная цена не подтверждена на первичном источнике."" }, ""areas"": { ""min"": null, ""max"": null, ""unit"": ""m2"" }, ""description"": ""Жилой комплекс"
output/newbuilds/catalog-v3.json,5136,65,первичн,"equest"", ""verified"": false, ""note"": ""Актуальная минимальная цена не подтверждена на первичном источнике."" }, ""areas"": { ""min"": null, ""max"": null, ""unit"": ""m2"" }, ""description"": null, ""fea"
output/newbuilds/catalog-v3.json,5203,65,первичн,"equest"", ""verified"": false, ""note"": ""Актуальная минимальная цена не подтверждена на первичном источнике."" }, ""areas"": { ""min"": null, ""max"": null, ""unit"": ""m2"" }, ""description"": ""Жилой микрорайо"
output/newbuilds/catalog-v3.json,5268,92,актуальност,""": true, ""note"": ""Официальная страница указывает дату обновления списка квартир 21.11.2025; актуальность конкретного лота нужно подтвердить."" }, ""areas"": { ""min"": 25.49, ""max"": 86.15, ""unit"": ""m2"" }, ""desc"
output/newbuilds/catalog-v3.json,5352,65,первичн,"equest"", ""verified"": false, ""note"": ""Актуальная минимальная цена не подтверждена на первичном источнике."" }, ""areas"": { ""min"": null, ""max"": null, ""unit"": ""m2"" }, ""description"": ""Жилой комплекс"
output/newbuilds/catalog-v3.json,5494,45,первичн,"""developer"": ""ЮгСтройИнвест"", ""class"": ""комфорт"", ""status"": ""Проект существует; наличие первичных продаж уточняется"", ""deadline"": ""Уточняется"", ""price"": { ""value"": null, ""currency"": ""RUB"", ""type"": ""on_request"""
output/newbuilds/catalog-v3.json,5501,65,первичн,"equest"", ""verified"": false, ""note"": ""Актуальная минимальная цена не подтверждена на первичном источнике."" }, ""areas"": { ""min"": null, ""max"": null, ""unit"": ""m2"" }, ""description"": ""Жилой микрорайо"
output/newbuilds/catalog-v3.json,5563,65,первичн,"equest"", ""verified"": false, ""note"": ""Актуальная минимальная цена не подтверждена на первичном источнике."" }, ""areas"": { ""min"": null, ""max"": null, ""unit"": ""m2"" }, ""description"": ""Сданный жилой к"
output/newbuilds/catalog-v3.json,5625,65,первичн,"equest"", ""verified"": false, ""note"": ""Актуальная минимальная цена не подтверждена на первичном источнике."" }, ""areas"": { ""min"": null, ""max"": null, ""unit"": ""m2"" }, ""description"": ""Сданный жилой к"
output/newbuilds/catalog-v3.json,5687,65,первичн,"equest"", ""verified"": false, ""note"": ""Актуальная минимальная цена не подтверждена на первичном источнике."" }, ""areas"": { ""min"": null, ""max"": null, ""unit"": ""m2"" }, ""description"": ""Многокорпусный"
output/newbuilds/catalog-v3.json,5694,103,первичн,"""description"": ""Многокорпусный жилой комплекс в западной части Ростова-на-Дону. Актуальная цена первичного предложения не подтверждена."", ""features"": [], ""official_url"": null, ""checked_at"": ""2026-07-13"", ""source_type"": ""industry_"
output/newbuilds/newbuilds-v2-merged.json,1383,98,актуальност,""", ""price_note"": ""Официальная страница указывает дату обновления списка квартир 21.11.2025; актуальность конкретного лота нужно подтвердить."" }, { ""title"": ""Платовский"", ""price"": ""3 466 124"", ""address"": ""Ростов-на-Дону, у"
output/newbuilds/newbuilds-v2-merged.json,1436,47,первичн,"eloper"": ""ЮгСтройИнвест"", ""class"": ""комфорт"", ""status"": ""Проект существует; наличие первичных продаж уточняется"", ""description"": ""Жилой микрорайон в Нахичевани с благоустроенными дворами и общественными пространствами. Актуальное нал"
output/newbuilds/newbuilds-v2-merged.json,1498,105,первичн,"""description"": ""Многокорпусный жилой комплекс в западной части Ростова-на-Дону. Актуальная цена первичного предложения не подтверждена."", ""source_url"": ""https://erzrf.ru/novostroyki/zhk-ekaterininskij-3850716001"", ""source_domain"": ""erzrf"
output/showcase/aksay-secondary.json,43,20,Актуальност,".com/LeSauteur/DomianKvartal-images/main/NewApartmens/object_1011/15.jpg"" ], ""disclaimer"": ""Актуальность, детали и условия уточняйте у специалиста."", ""fallbackImage"": ""https://raw.githubusercontent.com/LeSauteur/DomianKvartal-images/main/NewApartmen"
output/showcase/aksay-secondary.json,88,20,Актуальност,".com/LeSauteur/DomianKvartal-images/main/NewApartmens/object_1012/14.jpg"" ], ""disclaimer"": ""Актуальность, детали и условия уточняйте у специалиста."", ""fallbackImage"": ""https://raw.githubusercontent.com/LeSauteur/DomianKvartal-images/main/NewApartmen"
output/showcase/aksay-secondary.json,119,44,Актуальност,"/showcase/aksay-secondary/apartment-01/hero.webp"" ], ""disclaimer"": ""Лучшие объекты в Аксае. Актуальность, детали и условия уточняйте у специалиста."", ""fallbackImage"": ""assets/images/showcase/aksay-secondary/apartment-01/hero.webp"", ""showcaseMark"
output/showcase/aksay-secondary.json,152,44,Актуальност,"rtal-images/main/NewApartmens/object_1004/02.jpg"" ], ""disclaimer"": ""Лучшие объекты в Аксае. Актуальность, детали и условия уточняйте у специалиста."", ""fallbackImage"": ""https://raw.githubusercontent.com/LeSauteur/DomianKvartal-images/main/NewApartmen"
output/showcase/aksay-secondary.json,185,44,Актуальност,"rtal-images/main/NewApartmens/object_1001/02.jpg"" ], ""disclaimer"": ""Лучшие объекты в Аксае. Актуальность, детали и условия уточняйте у специалиста."", ""fallbackImage"": ""https://raw.githubusercontent.com/LeSauteur/DomianKvartal-images/main/NewApartmen"
output/showcase/aksay-secondary.json,218,44,Актуальност,"rtal-images/main/NewApartmens/object_1007/02.jpg"" ], ""disclaimer"": ""Лучшие объекты в Аксае. Актуальность, детали и условия уточняйте у специалиста."", ""fallbackImage"": ""https://raw.githubusercontent.com/LeSauteur/DomianKvartal-images/main/NewApartmen"
output/showcase/aksay-secondary.json,251,44,Актуальност,"rtal-images/main/NewApartmens/object_1009/02.jpg"" ], ""disclaimer"": ""Лучшие объекты в Аксае. Актуальность, детали и условия уточняйте у специалиста."", ""fallbackImage"": ""https://raw.githubusercontent.com/LeSauteur/DomianKvartal-images/main/NewApartmen"
output/showcase/aksay-secondary.json,283,44,Актуальност,"2.jpg"", ""output/houses/house_41/img_03.jpg"" ], ""disclaimer"": ""Лучшие объекты в Аксае. Актуальность, детали и условия уточняйте у специалиста."", ""fallbackImage"": ""output/houses/house_41/img_01.jpg"", ""showcaseMarker"": ""Лучшие объекты в Аксае"
output/showcase/aksay-secondary.json,315,44,Актуальност,"2.jpg"", ""output/houses/house_42/img_03.jpg"" ], ""disclaimer"": ""Лучшие объекты в Аксае. Актуальность, детали и условия уточняйте у специалиста."", ""fallbackImage"": ""output/houses/house_42/img_01.jpg"", ""showcaseMarker"": ""Лучшие объекты в Аксае"
output/showcase/aksay-secondary.json,347,44,Актуальност,"2.jpg"", ""output/houses/house_46/img_03.jpg"" ], ""disclaimer"": ""Лучшие объекты в Аксае. Актуальность, детали и условия уточняйте у специалиста."", ""fallbackImage"": ""output/houses/house_46/img_01.jpg"", ""showcaseMarker"": ""Лучшие объекты в Аксае"
output/showcase/aksay-secondary.json,379,44,Актуальност,"2.jpg"", ""output/houses/house_27/img_03.jpg"" ], ""disclaimer"": ""Лучшие объекты в Аксае. Актуальность, детали и условия уточняйте у специалиста."", ""fallbackImage"": ""output/houses/house_27/img_01.jpg"", ""showcaseMarker"": ""Лучшие объекты в Аксае"
output/showcase/aksay-secondary.json,411,44,Актуальност,"2.jpg"", ""output/houses/house_28/img_03.jpg"" ], ""disclaimer"": ""Лучшие объекты в Аксае. Актуальность, детали и условия уточняйте у специалиста."", ""fallbackImage"": ""output/houses/house_28/img_01.jpg"", ""showcaseMarker"": ""Лучшие объекты в Аксае"
seo/zhk-atmosfera-aksay.html,88,41,таблиц,"2>Как сравниваем квартиру в Атмосфере с альтернативами</h2> <p>Сводим предложения к одной таблице: цена покупки, состояние ремонта, обязательные вложения, срок въезда, ежемесячные расходы и юридическая сложность. Так квартира с более низкой ценой"
showcase-aksay-secondary.html,85,114,актуальност,"<p>Если объект подходит по бюджету и формату, оставьте заявку или позвоните — специалист уточнит актуальность, расскажет детали и предложит ближайшие варианты для просмотра.</p> </div> <div class=""showcase-filter"" aria-label=""Фильтр"
tests/construction-static.test.mjs,119,36,Рендер,"match(source, /Не является публичной офертой/); if (built) { assert.doesNotMatch(source, /Рендер проекта|вариант фасада|class=""[^\""]*project-plan|class=""[^\""]*project-living|None этажа/); assert.doesNotMatch(source, /(?:src|srcset)=""https?:"
tests/construction-static.test.mjs,176,44,по материалам,"rice === null && project.priceStatus === ""individual"")); assert.doesNotMatch(catalogue, /Ориентир по материалам партнёра 2023 года|таблица от май 2026|Что подтверждено|структурированные данные/); for (const project of data.projects.filter(project => project.p"
tests/construction-static.test.mjs,176,77,таблиц,"tus === ""individual"")); assert.doesNotMatch(catalogue, /Ориентир по материалам партнёра 2023 года|таблица от май 2026|Что подтверждено|структурированные данные/); for (const project of data.projects.filter(project => project.price)) { const card ="
tests/legal-documents.test.mjs,66,34,уточняются,"), page); } const combined = legalPages.map(read).join(""\n""); assert.doesNotMatch(combined, /уточняются у администрации/iu); assert.doesNotMatch(combined, /срок обработки персональных данных является неограниченным/iu); assert.doesNotMatch(combined,"
tests/limited-stage-static.test.mjs,168,32,Проверено,"item => item.detail_url)) { const html = generator.render(item); assert.doesNotMatch(html, /Проверено|Источник и актуальность|Проверка данных|Файлы сохранены локально|Официальные материалы/); assert.match(html, /Цена и наличие не являются публично"
tests/limited-stage-static.test.mjs,168,53,актуальност,"rl)) { const html = generator.render(item); assert.doesNotMatch(html, /Проверено|Источник и актуальность|Проверка данных|Файлы сохранены локально|Официальные материалы/); assert.match(html, /Цена и наличие не являются публичной офертой/); assert"
tools/generate-construction-catalog.py,246,28,Архив,"Document"": ""Партнерская программа ДоманСтрой_ (1).pdf"", ""sourcePage"": 4, ""factSource"": ""Архив и официальный каталог застройщика, указанный в PDF"", }) for slug_part, area, floors, bedrooms, bathrooms, price, detail in SOYUZ_ROWS:"
tools/generate-construction-catalog.py,559,47,уточняются,"""Санузлы"", project.get(""bathrooms"") or ""уточняется""), (""Стены"", project.get(""material"") or ""уточняются""), (""Тип"", ""типовой"" if project[""projectType""] == ""typical"" else ""индивидуальный""), ] fact_html = """".join(f""<div><dt>{esc(label)}</dt><dd>{es"
